f1_micro,f1_macro,runtime,overlap_ratio,num_clusters,dataset,config,strategy,lambda,seed
0.7298288508557457,0.5594039607768201,1.8959600925445557,1.0,14,Cora,A0_no_overlap,no_overlap,0.0,0
0.8484107579462102,0.8278765991081699,1.3879048824310303,1.0,14,Cora,A0_no_overlap,no_overlap,0.0,1
0.7493887530562348,0.661281160241962,1.3358566761016846,1.0,14,Cora,A0_no_overlap,no_overlap,0.0,2
0.7163814180929096,0.5531410906699806,1.3738102912902832,1.0,14,Cora,A0_no_overlap,no_overlap,0.0,3
0.8215158924205379,0.797588725224598,1.4266324043273926,1.0,14,Cora,A0_no_overlap,no_overlap,0.0,4
0.7677261613691931,0.6917768049708573,1.3889093399047852,1.0,14,Cora,A0_no_overlap,no_overlap,0.0,5
0.8227383863080685,0.796637651569028,1.594818115234375,1.0,14,Cora,A0_no_overlap,no_overlap,0.0,6
0.7946210268948656,0.7206270374415462,1.6363682746887207,1.0,14,Cora,A0_no_overlap,no_overlap,0.0,7
0.8569682151589242,0.8425334928894301,1.5020241737365723,1.0,14,Cora,A0_no_overlap,no_overlap,0.0,8
0.8386308068459658,0.8178875721802851,1.5769712924957275,1.0,14,Cora,A0_no_overlap,no_overlap,0.0,9
0.7928571428571428,0.6892511836293408,1.464313268661499,1.3714918759231904,14,Cora,A1_original_wmc,original_wmc,0.0,0
0.8044642857142857,0.7356006575189882,1.4730420112609863,1.3714918759231904,14,Cora,A1_original_wmc,original_wmc,0.0,1
0.83125,0.7942433805940723,1.4597318172454834,1.3714918759231904,14,Cora,A1_original_wmc,original_wmc,0.0,2
0.7991071428571429,0.7371829702849803,1.4648158550262451,1.3714918759231904,14,Cora,A1_original_wmc,original_wmc,0.0,3
0.85,0.8229040433527516,1.4912586212158203,1.3714918759231904,14,Cora,A1_original_wmc,original_wmc,0.0,4
0.8401785714285714,0.8190587002743579,1.550459384918213,1.3714918759231904,14,Cora,A1_original_wmc,original_wmc,0.0,5
0.8473214285714286,0.8284946249944917,1.4705069065093994,1.3714918759231904,14,Cora,A1_original_wmc,original_wmc,0.0,6
0.85,0.8302534456508367,1.5342440605163574,1.3714918759231904,14,Cora,A1_original_wmc,original_wmc,0.0,7
0.8089285714285714,0.7510594383493762,1.4916884899139404,1.3714918759231904,14,Cora,A1_original_wmc,original_wmc,0.0,8
0.8526785714285714,0.8331757978373592,1.4320063591003418,1.3714918759231904,14,Cora,A1_original_wmc,original_wmc,0.0,9
0.7720070422535211,0.6802434515652955,1.6492094993591309,1.3910635155096012,14,Cora,A2_entropy_l025,entropy_adaptive_wmc,0.25,0
0.8080985915492958,0.7455872774852923,1.5226147174835205,1.3910635155096012,14,Cora,A2_entropy_l025,entropy_adaptive_wmc,0.25,1
0.8459507042253521,0.816814323964995,1.530005931854248,1.3910635155096012,14,Cora,A2_entropy_l025,entropy_adaptive_wmc,0.25,2
0.8318661971830986,0.7895853579365749,1.536973476409912,1.3910635155096012,14,Cora,A2_entropy_l025,entropy_adaptive_wmc,0.25,3
0.7984154929577465,0.7174099510970796,1.515430212020874,1.3910635155096012,14,Cora,A2_entropy_l025,entropy_adaptive_wmc,0.25,4
0.8450704225352113,0.8298506749318518,1.5162203311920166,1.3910635155096012,14,Cora,A2_entropy_l025,entropy_adaptive_wmc,0.25,5
0.8397887323943662,0.8228193946799911,1.6257531642913818,1.3910635155096012,14,Cora,A2_entropy_l025,entropy_adaptive_wmc,0.25,6
0.8424295774647887,0.8264135819847825,1.56964111328125,1.3910635155096012,14,Cora,A2_entropy_l025,entropy_adaptive_wmc,0.25,7
0.8107394366197183,0.7396608011618354,1.5243430137634277,1.3910635155096012,14,Cora,A2_entropy_l025,entropy_adaptive_wmc,0.25,8
0.8345070422535211,0.8182580168270357,1.5120854377746582,1.3910635155096012,14,Cora,A2_entropy_l025,entropy_adaptive_wmc,0.25,9
0.7422145328719724,0.5657091657081229,1.5230395793914795,1.413589364844904,14,Cora,A3_entropy_l050,entropy_adaptive_wmc,0.5,0
0.8451557093425606,0.8154636993067154,1.5400481224060059,1.413589364844904,14,Cora,A3_entropy_l050,entropy_adaptive_wmc,0.5,1
0.8036332179930796,0.7065528486808959,1.6519253253936768,1.413589364844904,14,Cora,A3_entropy_l050,entropy_adaptive_wmc,0.5,2
0.8096885813148789,0.6995047395055652,1.5376932621002197,1.413589364844904,14,Cora,A3_entropy_l050,entropy_adaptive_wmc,0.5,3
0.8460207612456747,0.8251268762998433,1.5168497562408447,1.413589364844904,14,Cora,A3_entropy_l050,entropy_adaptive_wmc,0.5,4
0.8356401384083045,0.8132103926165949,1.5203535556793213,1.413589364844904,14,Cora,A3_entropy_l050,entropy_adaptive_wmc,0.5,5
0.860726643598616,0.8463511462026613,1.511507511138916,1.413589364844904,14,Cora,A3_entropy_l050,entropy_adaptive_wmc,0.5,6
0.8399653979238755,0.8232936897094792,1.6098499298095703,1.413589364844904,14,Cora,A3_entropy_l050,entropy_adaptive_wmc,0.5,7
0.8269896193771626,0.7868528847111811,1.5883357524871826,1.413589364844904,14,Cora,A3_entropy_l050,entropy_adaptive_wmc,0.5,8
0.8070934256055363,0.707286622302056,1.5366950035095215,1.413589364844904,14,Cora,A3_entropy_l050,entropy_adaptive_wmc,0.5,9
0.7989864864864865,0.6803630263205405,1.5516586303710938,1.451255539143279,14,Cora,A4_entropy_l075,entropy_adaptive_wmc,0.75,0
0.8091216216216216,0.7707449120762041,1.5048916339874268,1.451255539143279,14,Cora,A4_entropy_l075,entropy_adaptive_wmc,0.75,1
0.8521959459459459,0.8256261590588775,1.5371768474578857,1.451255539143279,14,Cora,A4_entropy_l075,entropy_adaptive_wmc,0.75,2
0.7778716216216216,0.6411585730280395,1.6374671459197998,1.451255539143279,14,Cora,A4_entropy_l075,entropy_adaptive_wmc,0.75,3
0.8243243243243243,0.7884636113525912,1.505892038345337,1.451255539143279,14,Cora,A4_entropy_l075,entropy_adaptive_wmc,0.75,4
0.8521959459459459,0.8328887333928565,1.5654840469360352,1.451255539143279,14,Cora,A4_entropy_l075,entropy_adaptive_wmc,0.75,5
0.8454391891891891,0.8223800908633415,1.5636732578277588,1.451255539143279,14,Cora,A4_entropy_l075,entropy_adaptive_wmc,0.75,6
0.8530405405405406,0.8393565618597292,1.5469386577606201,1.451255539143279,14,Cora,A4_entropy_l075,entropy_adaptive_wmc,0.75,7
0.847972972972973,0.8294893649984515,1.6180262565612793,1.451255539143279,14,Cora,A4_entropy_l075,entropy_adaptive_wmc,0.75,8
0.8445945945945946,0.8216323872017792,1.5367655754089355,1.451255539143279,14,Cora,A4_entropy_l075,entropy_adaptive_wmc,0.75,9
0.7532923617208077,0.6024895968045607,1.5445220470428467,1.3954948301329395,14,Cora,A5_margin_l025,margin_adaptive_wmc,0.25,0
0.8147497805092186,0.7543117122811009,1.5307276248931885,1.3954948301329395,14,Cora,A5_margin_l025,margin_adaptive_wmc,0.25,1
0.8402107111501317,0.8149641568394624,1.5035595893859863,1.3954948301329395,14,Cora,A5_margin_l025,margin_adaptive_wmc,0.25,2
0.7734855136084284,0.692996412402838,1.5063507556915283,1.3954948301329395,14,Cora,A5_margin_l025,margin_adaptive_wmc,0.25,3
0.7998244073748902,0.720697199221218,1.625842571258545,1.3954948301329395,14,Cora,A5_margin_l025,margin_adaptive_wmc,0.25,4
0.8314310798946444,0.8105950537991636,1.537841558456421,1.3954948301329395,14,Cora,A5_margin_l025,margin_adaptive_wmc,0.25,5
0.8419666374012291,0.8240401048705898,1.5550410747528076,1.3954948301329395,14,Cora,A5_margin_l025,margin_adaptive_wmc,0.25,6
0.8410886742756805,0.8320838500145189,1.479867696762085,1.3954948301329395,14,Cora,A5_margin_l025,margin_adaptive_wmc,0.25,7
0.8252853380158033,0.7565681630104834,1.519066333770752,1.3954948301329395,14,Cora,A5_margin_l025,margin_adaptive_wmc,0.25,8
0.845478489903424,0.8284327786308818,1.6203851699829102,1.3954948301329395,14,Cora,A5_margin_l025,margin_adaptive_wmc,0.25,9
0.7844974446337308,0.6875486587677413,1.5783450603485107,1.4361152141802067,14,Cora,A6_margin_l050,margin_adaptive_wmc,0.5,0
0.858603066439523,0.842611052028925,1.5137615203857422,1.4361152141802067,14,Cora,A6_margin_l050,margin_adaptive_wmc,0.5,1
0.8083475298126065,0.7276137821589873,1.4777586460113525,1.4361152141802067,14,Cora,A6_margin_l050,margin_adaptive_wmc,0.5,2
0.8475298126064736,0.8171692444565639,1.4832804203033447,1.4361152141802067,14,Cora,A6_margin_l050,margin_adaptive_wmc,0.5,3
0.762350936967632,0.6019243461229007,1.538867712020874,1.4361152141802067,14,Cora,A6_margin_l050,margin_adaptive_wmc,0.5,4
0.8415672913117547,0.819391659396998,1.5809500217437744,1.4361152141802067,14,Cora,A6_margin_l050,margin_adaptive_wmc,0.5,5
0.833901192504259,0.8203081810824308,1.5426385402679443,1.4361152141802067,14,Cora,A6_margin_l050,margin_adaptive_wmc,0.5,6
0.848381601362862,0.8174320075734138,1.5087006092071533,1.4361152141802067,14,Cora,A6_margin_l050,margin_adaptive_wmc,0.5,7
0.797274275979557,0.6918896980610009,1.5251667499542236,1.4361152141802067,14,Cora,A6_margin_l050,margin_adaptive_wmc,0.5,8
0.8211243611584327,0.7798608138357468,1.5583183765411377,1.4361152141802067,14,Cora,A6_margin_l050,margin_adaptive_wmc,0.5,9
0.8085808580858086,0.7578731147008871,1.627025842666626,1.483751846381093,14,Cora,A7_margin_l075,margin_adaptive_wmc,0.75,0
0.8523102310231023,0.8343825624713342,1.526845932006836,1.483751846381093,14,Cora,A7_margin_l075,margin_adaptive_wmc,0.75,1
0.8250825082508251,0.7885710372666467,1.5378189086914062,1.483751846381093,14,Cora,A7_margin_l075,margin_adaptive_wmc,0.75,2
0.7854785478547854,0.6788883062301494,1.6219120025634766,1.483751846381093,14,Cora,A7_margin_l075,margin_adaptive_wmc,0.75,3
0.8325082508250825,0.8032803877061937,1.5462229251861572,1.483751846381093,14,Cora,A7_margin_l075,margin_adaptive_wmc,0.75,4
0.8407590759075908,0.8243906595936714,1.6093931198120117,1.483751846381093,14,Cora,A7_margin_l075,margin_adaptive_wmc,0.75,5
0.8341584158415841,0.8113454179400684,1.5251202583312988,1.483751846381093,14,Cora,A7_margin_l075,margin_adaptive_wmc,0.75,6
0.8399339933993399,0.8301390583335913,1.6273982524871826,1.483751846381093,14,Cora,A7_margin_l075,margin_adaptive_wmc,0.75,7
0.8044554455445545,0.7021650478870392,1.601579189300537,1.483751846381093,14,Cora,A7_margin_l075,margin_adaptive_wmc,0.75,8
0.83003300330033,0.808558422334498,1.5902552604675293,1.483751846381093,14,Cora,A7_margin_l075,margin_adaptive_wmc,0.75,9
0.7403508771929824,0.576698656442118,1.735520362854004,1.3969719350073855,14,Cora,A8_hybrid_l025,hybrid_adaptive_wmc,0.25,0
0.8157894736842105,0.7168714846874567,1.8120760917663574,1.3969719350073855,14,Cora,A8_hybrid_l025,hybrid_adaptive_wmc,0.25,1
0.8491228070175438,0.817961718431121,1.6806285381317139,1.3969719350073855,14,Cora,A8_hybrid_l025,hybrid_adaptive_wmc,0.25,2
0.7850877192982456,0.6810627300854788,1.6673648357391357,1.3969719350073855,14,Cora,A8_hybrid_l025,hybrid_adaptive_wmc,0.25,3
0.8061403508771929,0.7354464519045042,1.7565934658050537,1.3969719350073855,14,Cora,A8_hybrid_l025,hybrid_adaptive_wmc,0.25,4
0.8333333333333334,0.8103715216648611,1.646904468536377,1.3969719350073855,14,Cora,A8_hybrid_l025,hybrid_adaptive_wmc,0.25,5
0.8456140350877193,0.8259740620022068,1.6448900699615479,1.3969719350073855,14,Cora,A8_hybrid_l025,hybrid_adaptive_wmc,0.25,6
0.8473684210526315,0.829758460466877,1.5425128936767578,1.3969719350073855,14,Cora,A8_hybrid_l025,hybrid_adaptive_wmc,0.25,7
0.8026315789473685,0.7673132077649851,1.546612024307251,1.3969719350073855,14,Cora,A8_hybrid_l025,hybrid_adaptive_wmc,0.25,8
0.856140350877193,0.8456000773991068,1.5591928958892822,1.3969719350073855,14,Cora,A8_hybrid_l025,hybrid_adaptive_wmc,0.25,9
0.7295918367346939,0.5530464594681083,1.5941028594970703,1.4394387001477105,14,Cora,A9_hybrid_l050,hybrid_adaptive_wmc,0.5,0
0.8435374149659864,0.8179011747006891,1.6426174640655518,1.4394387001477105,14,Cora,A9_hybrid_l050,hybrid_adaptive_wmc,0.5,1
0.8350340136054422,0.7973610637022425,1.5664327144622803,1.4394387001477105,14,Cora,A9_hybrid_l050,hybrid_adaptive_wmc,0.5,2
0.8205782312925171,0.7369470957200736,1.6080656051635742,1.4394387001477105,14,Cora,A9_hybrid_l050,hybrid_adaptive_wmc,0.5,3
0.8367346938775511,0.8057199365095077,1.5842413902282715,1.4394387001477105,14,Cora,A9_hybrid_l050,hybrid_adaptive_wmc,0.5,4
0.8452380952380952,0.822340191166503,1.5256998538970947,1.4394387001477105,14,Cora,A9_hybrid_l050,hybrid_adaptive_wmc,0.5,5
0.8528911564625851,0.8411623841390252,1.6150424480438232,1.4394387001477105,14,Cora,A9_hybrid_l050,hybrid_adaptive_wmc,0.5,6
0.8401360544217688,0.8152684757931025,1.548841953277588,1.4394387001477105,14,Cora,A9_hybrid_l050,hybrid_adaptive_wmc,0.5,7
0.8078231292517006,0.703896628439559,1.5564470291137695,1.4394387001477105,14,Cora,A9_hybrid_l050,hybrid_adaptive_wmc,0.5,8
0.8375850340136054,0.8195494720959254,1.5739622116088867,1.4394387001477105,14,Cora,A9_hybrid_l050,hybrid_adaptive_wmc,0.5,9
0.776595744680851,0.660400932577937,1.524517297744751,1.494460856720827,14,Cora,A10_hybrid_l075,hybrid_adaptive_wmc,0.75,0
0.8567921440261865,0.8413932137233452,1.663532018661499,1.494460856720827,14,Cora,A10_hybrid_l075,hybrid_adaptive_wmc,0.75,1
0.8060556464811784,0.7484082646109121,1.613124132156372,1.494460856720827,14,Cora,A10_hybrid_l075,hybrid_adaptive_wmc,0.75,2
0.6260229132569558,0.4251016995172413,1.6393351554870605,1.494460856720827,14,Cora,A10_hybrid_l075,hybrid_adaptive_wmc,0.75,3
0.837152209492635,0.7963575956257489,1.641265869140625,1.494460856720827,14,Cora,A10_hybrid_l075,hybrid_adaptive_wmc,0.75,4
0.8461538461538461,0.8286899003787465,1.637650728225708,1.494460856720827,14,Cora,A10_hybrid_l075,hybrid_adaptive_wmc,0.75,5
0.8494271685761048,0.8313637091665405,1.7319526672363281,1.494460856720827,14,Cora,A10_hybrid_l075,hybrid_adaptive_wmc,0.75,6
0.8551554828150573,0.8456497129903956,1.6515107154846191,1.494460856720827,14,Cora,A10_hybrid_l075,hybrid_adaptive_wmc,0.75,7
0.8289689034369886,0.8131825114769548,1.5895419120788574,1.494460856720827,14,Cora,A10_hybrid_l075,hybrid_adaptive_wmc,0.75,8
0.8387888707037643,0.8225773912381359,1.644993543624878,1.494460856720827,14,Cora,A10_hybrid_l075,hybrid_adaptive_wmc,0.75,9
0.7208374875373879,0.6339210762957206,1.8366622924804688,1.0,12,CiteSeer,A0_no_overlap,no_overlap,0.0,0
0.7188434695912264,0.6695623299902046,1.6312739849090576,1.0,12,CiteSeer,A0_no_overlap,no_overlap,0.0,1
0.7178464606181456,0.6650132599382017,2.4804975986480713,1.0,12,CiteSeer,A0_no_overlap,no_overlap,0.0,2
0.7228315054835494,0.6971640598236211,2.030421018600464,1.0,12,CiteSeer,A0_no_overlap,no_overlap,0.0,3
0.6640079760717846,0.5921064320246612,1.7404899597167969,1.0,12,CiteSeer,A0_no_overlap,no_overlap,0.0,4
0.7467597208374875,0.7153156482237807,1.7984135150909424,1.0,12,CiteSeer,A0_no_overlap,no_overlap,0.0,5
0.7218344965104686,0.6303072103210657,1.7801744937896729,1.0,12,CiteSeer,A0_no_overlap,no_overlap,0.0,6
0.6949152542372882,0.6637629826388559,1.660665512084961,1.0,12,CiteSeer,A0_no_overlap,no_overlap,0.0,7
0.711864406779661,0.6565126850627903,1.647306203842163,1.0,12,CiteSeer,A0_no_overlap,no_overlap,0.0,8
0.6929212362911267,0.6443682229410014,1.7401700019836426,1.0,12,CiteSeer,A0_no_overlap,no_overlap,0.0,9
0.7374350086655113,0.6661965425690993,1.7721269130706787,1.1526901112113015,12,CiteSeer,A1_original_wmc,original_wmc,0.0,0
0.7625649913344887,0.7209691328529916,1.829888105392456,1.1526901112113015,12,CiteSeer,A1_original_wmc,original_wmc,0.0,1
0.744367417677643,0.7065968747093709,1.6101012229919434,1.1526901112113015,12,CiteSeer,A1_original_wmc,original_wmc,0.0,2
0.7478336221837089,0.6829184594800118,1.4410407543182373,1.1526901112113015,12,CiteSeer,A1_original_wmc,original_wmc,0.0,3
0.7504332755632582,0.6946445233964514,1.5244719982147217,1.1526901112113015,12,CiteSeer,A1_original_wmc,original_wmc,0.0,4
0.7218370883882149,0.6345538299976955,1.5585663318634033,1.1526901112113015,12,CiteSeer,A1_original_wmc,original_wmc,0.0,5
0.7512998266897747,0.6525197140015414,1.525512456893921,1.1526901112113015,12,CiteSeer,A1_original_wmc,original_wmc,0.0,6
0.7478336221837089,0.708601376747063,1.4412736892700195,1.1526901112113015,12,CiteSeer,A1_original_wmc,original_wmc,0.0,7
0.7435008665511266,0.7049446909786442,1.5393247604370117,1.1526901112113015,12,CiteSeer,A1_original_wmc,original_wmc,0.0,8
0.7651646447140381,0.7227264610395109,1.4370594024658203,1.1526901112113015,12,CiteSeer,A1_original_wmc,original_wmc,0.0,9
0.7560137457044673,0.7116990708741433,1.6924023628234863,1.1608055305079652,12,CiteSeer,A2_entropy_l025,entropy_adaptive_wmc,0.25,0
0.7362542955326461,0.685115974870357,1.4617161750793457,1.1608055305079652,12,CiteSeer,A2_entropy_l025,entropy_adaptive_wmc,0.25,1
0.7345360824742269,0.7004284820965593,1.5220062732696533,1.1608055305079652,12,CiteSeer,A2_entropy_l025,entropy_adaptive_wmc,0.25,2
0.6829896907216495,0.6141772275522936,1.574061393737793,1.1608055305079652,12,CiteSeer,A2_entropy_l025,entropy_adaptive_wmc,0.25,3
0.7396907216494846,0.7011782505699689,1.5664641857147217,1.1608055305079652,12,CiteSeer,A2_entropy_l025,entropy_adaptive_wmc,0.25,4
0.7285223367697594,0.6391106913137778,1.5444293022155762,1.1608055305079652,12,CiteSeer,A2_entropy_l025,entropy_adaptive_wmc,0.25,5
0.7491408934707904,0.699740987245533,1.5360093116760254,1.1608055305079652,12,CiteSeer,A2_entropy_l025,entropy_adaptive_wmc,0.25,6
0.7268041237113402,0.6778292120419294,1.5081610679626465,1.1608055305079652,12,CiteSeer,A2_entropy_l025,entropy_adaptive_wmc,0.25,7
0.7302405498281787,0.6984721070433427,2.22296404838562,1.1608055305079652,12,CiteSeer,A2_entropy_l025,entropy_adaptive_wmc,0.25,8
0.7654639175257731,0.7289851681119329,1.8097081184387207,1.1608055305079652,12,CiteSeer,A2_entropy_l025,entropy_adaptive_wmc,0.25,9
0.7457627118644068,0.6985711253024562,1.6304337978363037,1.175834084761046,12,CiteSeer,A3_entropy_l050,entropy_adaptive_wmc,0.5,0
0.7406779661016949,0.6979402851557536,1.6443634033203125,1.175834084761046,12,CiteSeer,A3_entropy_l050,entropy_adaptive_wmc,0.5,1
0.7406779661016949,0.7123632559049069,3.775238037109375,1.175834084761046,12,CiteSeer,A3_entropy_l050,entropy_adaptive_wmc,0.5,2
0.7084745762711865,0.6352574835022246,2.1341121196746826,1.175834084761046,12,CiteSeer,A3_entropy_l050,entropy_adaptive_wmc,0.5,3
0.752542372881356,0.7031193684959348,2.0668954849243164,1.175834084761046,12,CiteSeer,A3_entropy_l050,entropy_adaptive_wmc,0.5,4
0.7322033898305085,0.6726193733832165,1.705657720565796,1.175834084761046,12,CiteSeer,A3_entropy_l050,entropy_adaptive_wmc,0.5,5
0.7491525423728813,0.6834268185360686,1.9023256301879883,1.175834084761046,12,CiteSeer,A3_entropy_l050,entropy_adaptive_wmc,0.5,6
0.7491525423728813,0.7103680612805028,1.6895761489868164,1.175834084761046,12,CiteSeer,A3_entropy_l050,entropy_adaptive_wmc,0.5,7
0.7364406779661017,0.6854229388811636,1.6528589725494385,1.175834084761046,12,CiteSeer,A3_entropy_l050,entropy_adaptive_wmc,0.5,8
0.747457627118644,0.6705432587162902,1.5324625968933105,1.175834084761046,12,CiteSeer,A3_entropy_l050,entropy_adaptive_wmc,0.5,9
0.7683429513602638,0.7307687397637831,1.714184045791626,1.2097986173730086,12,CiteSeer,A4_entropy_l075,entropy_adaptive_wmc,0.75,0
0.7518549051937345,0.6888917192502562,1.6913526058197021,1.2097986173730086,12,CiteSeer,A4_entropy_l075,entropy_adaptive_wmc,0.75,1
0.7386644682605111,0.6755310835639411,1.705634355545044,1.2097986173730086,12,CiteSeer,A4_entropy_l075,entropy_adaptive_wmc,0.75,2
0.72959604286892,0.6958729489276289,2.0115368366241455,1.2097986173730086,12,CiteSeer,A4_entropy_l075,entropy_adaptive_wmc,0.75,3
0.7345424567188789,0.6398497771937952,1.6245808601379395,1.2097986173730086,12,CiteSeer,A4_entropy_l075,entropy_adaptive_wmc,0.75,4
0.7469084913437758,0.6696306570359384,1.6840674877166748,1.2097986173730086,12,CiteSeer,A4_entropy_l075,entropy_adaptive_wmc,0.75,5
0.7139323990107173,0.6517020502606646,1.5604300498962402,1.2097986173730086,12,CiteSeer,A4_entropy_l075,entropy_adaptive_wmc,0.75,6
0.7436108821104699,0.7118123397760953,1.5439682006835938,1.2097986173730086,12,CiteSeer,A4_entropy_l075,entropy_adaptive_wmc,0.75,7
0.72959604286892,0.67902748330809,1.6001062393188477,1.2097986173730086,12,CiteSeer,A4_entropy_l075,entropy_adaptive_wmc,0.75,8
0.7345424567188789,0.6620995160399435,1.6355996131896973,1.2097986173730086,12,CiteSeer,A4_entropy_l075,entropy_adaptive_wmc,0.75,9
0.7467811158798283,0.6986422522224384,1.579038381576538,1.1620078148482116,12,CiteSeer,A5_margin_l025,margin_adaptive_wmc,0.25,0
0.7167381974248928,0.6618433017462951,1.497581958770752,1.1620078148482116,12,CiteSeer,A5_margin_l025,margin_adaptive_wmc,0.25,1
0.7261802575107296,0.6733147589592338,1.4815385341644287,1.1620078148482116,12,CiteSeer,A5_margin_l025,margin_adaptive_wmc,0.25,2
0.630901287553648,0.5417568235081274,1.4253315925598145,1.1620078148482116,12,CiteSeer,A5_margin_l025,margin_adaptive_wmc,0.25,3
0.721030042918455,0.6711803588582704,1.469388484954834,1.1620078148482116,12,CiteSeer,A5_margin_l025,margin_adaptive_wmc,0.25,4
0.6849785407725322,0.5775722536469853,1.456946849822998,1.1620078148482116,12,CiteSeer,A5_margin_l025,margin_adaptive_wmc,0.25,5
0.7656652360515022,0.7252171146159297,1.8541524410247803,1.1620078148482116,12,CiteSeer,A5_margin_l025,margin_adaptive_wmc,0.25,6
0.7270386266094421,0.6776445737198272,1.8506531715393066,1.1620078148482116,12,CiteSeer,A5_margin_l025,margin_adaptive_wmc,0.25,7
0.744206008583691,0.6966413891953122,2.2872214317321777,1.1620078148482116,12,CiteSeer,A5_margin_l025,margin_adaptive_wmc,0.25,8
0.7579399141630901,0.7046476828946607,1.9176678657531738,1.1620078148482116,12,CiteSeer,A5_margin_l025,margin_adaptive_wmc,0.25,9
0.7481044650379107,0.7063765166820503,1.7535431385040283,1.1830477908025248,12,CiteSeer,A6_margin_l050,margin_adaptive_wmc,0.5,0
0.7320977253580455,0.679559652937434,1.7935166358947754,1.1830477908025248,12,CiteSeer,A6_margin_l050,margin_adaptive_wmc,0.5,1
0.7481044650379107,0.71364302171049,1.9785068035125732,1.1830477908025248,12,CiteSeer,A6_margin_l050,margin_adaptive_wmc,0.5,2
0.7388374052232519,0.6822643374913248,1.831777811050415,1.1830477908025248,12,CiteSeer,A6_margin_l050,margin_adaptive_wmc,0.5,3
0.7624262847514743,0.7258910512500996,1.8963360786437988,1.1830477908025248,12,CiteSeer,A6_margin_l050,margin_adaptive_wmc,0.5,4
0.7346251053074979,0.6672962264005434,1.8190429210662842,1.1830477908025248,12,CiteSeer,A6_margin_l050,margin_adaptive_wmc,0.5,5
0.7523167649536647,0.6813058107340573,1.4616169929504395,1.1830477908025248,12,CiteSeer,A6_margin_l050,margin_adaptive_wmc,0.5,6
0.7379949452401011,0.702029941492048,1.45560884475708,1.1830477908025248,12,CiteSeer,A6_margin_l050,margin_adaptive_wmc,0.5,7
0.7607413647851727,0.7138119838757114,1.5560531616210938,1.1830477908025248,12,CiteSeer,A6_margin_l050,margin_adaptive_wmc,0.5,8
0.7379949452401011,0.6573620838457104,1.4668388366699219,1.1830477908025248,12,CiteSeer,A6_margin_l050,margin_adaptive_wmc,0.5,9
0.7436734693877551,0.6910167308878195,1.4506726264953613,1.2215208896904117,12,CiteSeer,A7_margin_l075,margin_adaptive_wmc,0.75,0
0.7453061224489796,0.7076009563513517,1.485788345336914,1.2215208896904117,12,CiteSeer,A7_margin_l075,margin_adaptive_wmc,0.75,1
0.7371428571428571,0.6709977882744225,1.5614900588989258,1.2215208896904117,12,CiteSeer,A7_margin_l075,margin_adaptive_wmc,0.75,2
0.7371428571428571,0.6978230692375474,1.4919698238372803,1.2215208896904117,12,CiteSeer,A7_margin_l075,margin_adaptive_wmc,0.75,3
0.7371428571428571,0.6945235180139034,1.5578498840332031,1.2215208896904117,12,CiteSeer,A7_margin_l075,margin_adaptive_wmc,0.75,4
0.7493877551020408,0.682881804355889,1.4222028255462646,1.2215208896904117,12,CiteSeer,A7_margin_l075,margin_adaptive_wmc,0.75,5
0.723265306122449,0.6425310564532207,1.4916703701019287,1.2215208896904117,12,CiteSeer,A7_margin_l075,margin_adaptive_wmc,0.75,6
0.746938775510204,0.7126898981763573,1.44573974609375,1.2215208896904117,12,CiteSeer,A7_margin_l075,margin_adaptive_wmc,0.75,7
0.7240816326530612,0.6433191383107695,1.4122200012207031,1.2215208896904117,12,CiteSeer,A7_margin_l075,margin_adaptive_wmc,0.75,8
0.7387755102040816,0.6882871117687518,1.8198773860931396,1.2215208896904117,12,CiteSeer,A7_margin_l075,margin_adaptive_wmc,0.75,9
0.7367066895368782,0.6873854891889136,1.768688440322876,1.1626089570183349,12,CiteSeer,A8_hybrid_l025,hybrid_adaptive_wmc,0.25,0
0.7289879931389366,0.6912003499952237,1.62730073928833,1.1626089570183349,12,CiteSeer,A8_hybrid_l025,hybrid_adaptive_wmc,0.25,1
0.7315608919382505,0.6924293957406539,1.763314962387085,1.1626089570183349,12,CiteSeer,A8_hybrid_l025,hybrid_adaptive_wmc,0.25,2
0.7684391080617495,0.7215178611700862,1.9591784477233887,1.1626089570183349,12,CiteSeer,A8_hybrid_l025,hybrid_adaptive_wmc,0.25,3
0.7307032590051458,0.6590276300416084,1.8621506690979004,1.1626089570183349,12,CiteSeer,A8_hybrid_l025,hybrid_adaptive_wmc,0.25,4
0.7066895368782161,0.6111585612607425,1.630676031112671,1.1626089570183349,12,CiteSeer,A8_hybrid_l025,hybrid_adaptive_wmc,0.25,5
0.7710120068610634,0.7158984089238377,1.5761761665344238,1.1626089570183349,12,CiteSeer,A8_hybrid_l025,hybrid_adaptive_wmc,0.25,6
0.7547169811320755,0.7098455605080346,1.867671251296997,1.1626089570183349,12,CiteSeer,A8_hybrid_l025,hybrid_adaptive_wmc,0.25,7
0.7238421955403087,0.6780092927884801,1.6839728355407715,1.1626089570183349,12,CiteSeer,A8_hybrid_l025,hybrid_adaptive_wmc,0.25,8
0.7598627787307033,0.7053853239644731,1.5824122428894043,1.1626089570183349,12,CiteSeer,A8_hybrid_l025,hybrid_adaptive_wmc,0.25,9
0.7394957983193278,0.6834291841277844,1.697476863861084,1.1869552149083258,12,CiteSeer,A9_hybrid_l050,hybrid_adaptive_wmc,0.5,0
0.7428571428571429,0.7010699007531834,1.6697790622711182,1.1869552149083258,12,CiteSeer,A9_hybrid_l050,hybrid_adaptive_wmc,0.5,1
0.7495798319327731,0.7008299134827608,1.5810298919677734,1.1869552149083258,12,CiteSeer,A9_hybrid_l050,hybrid_adaptive_wmc,0.5,2
0.7420168067226891,0.7052309814994001,1.7505815029144287,1.1869552149083258,12,CiteSeer,A9_hybrid_l050,hybrid_adaptive_wmc,0.5,3
0.7529411764705882,0.7053258944867079,1.6114518642425537,1.1869552149083258,12,CiteSeer,A9_hybrid_l050,hybrid_adaptive_wmc,0.5,4
0.7336134453781512,0.6273065768816578,1.5280890464782715,1.1869552149083258,12,CiteSeer,A9_hybrid_l050,hybrid_adaptive_wmc,0.5,5
0.7453781512605042,0.6959294292025743,1.6101100444793701,1.1869552149083258,12,CiteSeer,A9_hybrid_l050,hybrid_adaptive_wmc,0.5,6
0.7445378151260504,0.7056101133995955,1.4984757900238037,1.1869552149083258,12,CiteSeer,A9_hybrid_l050,hybrid_adaptive_wmc,0.5,7
0.7352941176470589,0.7000316956501336,1.5411345958709717,1.1869552149083258,12,CiteSeer,A9_hybrid_l050,hybrid_adaptive_wmc,0.5,8
0.7319327731092437,0.6955023807590667,1.4764626026153564,1.1869552149083258,12,CiteSeer,A9_hybrid_l050,hybrid_adaptive_wmc,0.5,9
0.7373572593800979,0.6650249210028298,1.6403846740722656,1.2239254583709047,12,CiteSeer,A10_hybrid_l075,hybrid_adaptive_wmc,0.75,0
0.734910277324633,0.6923962854404753,1.5384001731872559,1.2239254583709047,12,CiteSeer,A10_hybrid_l075,hybrid_adaptive_wmc,0.75,1
0.7487765089722676,0.7004649795972058,1.625784158706665,1.2239254583709047,12,CiteSeer,A10_hybrid_l075,hybrid_adaptive_wmc,0.75,2
0.7601957585644372,0.7174929357367333,1.5237727165222168,1.2239254583709047,12,CiteSeer,A10_hybrid_l075,hybrid_adaptive_wmc,0.75,3
0.7234910277324633,0.6589685499387764,1.5676579475402832,1.2239254583709047,12,CiteSeer,A10_hybrid_l075,hybrid_adaptive_wmc,0.75,4
0.7414355628058727,0.6826829094401385,1.629676342010498,1.2239254583709047,12,CiteSeer,A10_hybrid_l075,hybrid_adaptive_wmc,0.75,5
0.7283849918433931,0.663167224794369,1.4965221881866455,1.2239254583709047,12,CiteSeer,A10_hybrid_l075,hybrid_adaptive_wmc,0.75,6
0.7218597063621534,0.690964500163097,1.5526509284973145,1.2239254583709047,12,CiteSeer,A10_hybrid_l075,hybrid_adaptive_wmc,0.75,7
0.7300163132137031,0.6441899218835869,1.6636712551116943,1.2239254583709047,12,CiteSeer,A10_hybrid_l075,hybrid_adaptive_wmc,0.75,8
0.7544861337683524,0.7170960046894459,1.629836082458496,1.2239254583709047,12,CiteSeer,A10_hybrid_l075,hybrid_adaptive_wmc,0.75,9
0.4055424129773572,0.19235393123346958,1.4206969738006592,1.0,6,PubMed,A0_no_overlap,no_overlap,0.0,0
0.39878337276106796,0.1900620117580736,1.3218374252319336,1.0,6,PubMed,A0_no_overlap,no_overlap,0.0,1
0.7789793849273403,0.7735887211671567,1.3553037643432617,1.0,6,PubMed,A0_no_overlap,no_overlap,0.0,2
0.5422440013518081,0.4616046617247458,1.3852295875549316,1.0,6,PubMed,A0_no_overlap,no_overlap,0.0,3
0.7487326799594458,0.7484606669378757,1.3762383460998535,1.0,6,PubMed,A0_no_overlap,no_overlap,0.0,4
0.393714092598851,0.18832848367280955,1.3549597263336182,1.0,6,PubMed,A0_no_overlap,no_overlap,0.0,5
0.4043595809395066,0.21126819814348907,1.4676384925842285,1.0,6,PubMed,A0_no_overlap,no_overlap,0.0,6
0.5483271375464684,0.4599120880673559,1.2374637126922607,1.0,6,PubMed,A0_no_overlap,no_overlap,0.0,7
0.770699560662386,0.7663210256778649,1.4973859786987305,1.0,6,PubMed,A0_no_overlap,no_overlap,0.0,8
0.4021628928692126,0.19121073351008275,1.2429478168487549,1.0,6,PubMed,A0_no_overlap,no_overlap,0.0,9
0.5479049906591941,0.43868692263161974,1.8799145221710205,1.2664198407465639,6,PubMed,A1_original_wmc,original_wmc,0.0,0
0.42540699226047507,0.24490486227230324,1.7193024158477783,1.2664198407465639,6,PubMed,A1_original_wmc,original_wmc,0.0,1
0.8099813183880438,0.8053566695058693,1.847411870956421,1.2664198407465639,6,PubMed,A1_original_wmc,original_wmc,0.0,2
0.6354416866826795,0.6092315893367078,1.7259125709533691,1.2664198407465639,6,PubMed,A1_original_wmc,original_wmc,0.0,3
0.7651454496930878,0.7619503254859659,1.7288777828216553,1.2664198407465639,6,PubMed,A1_original_wmc,original_wmc,0.0,4
0.5064051240992794,0.4167357824590144,1.9067261219024658,1.2664198407465639,6,PubMed,A1_original_wmc,original_wmc,0.0,5
0.5536429143314652,0.47123945440975046,1.7147023677825928,1.2664198407465639,6,PubMed,A1_original_wmc,original_wmc,0.0,6
0.548705631171604,0.4656555314242666,1.8580472469329834,1.2664198407465639,6,PubMed,A1_original_wmc,original_wmc,0.0,7
0.6289031224979984,0.5896580513623378,1.7973089218139648,1.2664198407465639,6,PubMed,A1_original_wmc,original_wmc,0.0,8
0.5194822524686415,0.4143065596737176,1.9264779090881348,1.2664198407465639,6,PubMed,A1_original_wmc,original_wmc,0.0,9
0.5494361395226856,0.44410667986780883,2.0154640674591064,1.288887761829893,6,PubMed,A2_entropy_l025,entropy_adaptive_wmc,0.25,0
0.4206661421452924,0.22066083362910208,2.1108970642089844,1.288887761829893,6,PubMed,A2_entropy_l025,entropy_adaptive_wmc,0.25,1
0.8029110936270653,0.8001976740888312,1.9992289543151855,1.288887761829893,6,PubMed,A2_entropy_l025,entropy_adaptive_wmc,0.25,2
0.6833202202989772,0.665022514677935,2.215841770172119,1.288887761829893,6,PubMed,A2_entropy_l025,entropy_adaptive_wmc,0.25,3
0.6438499868869656,0.6055753381225624,2.0515758991241455,1.288887761829893,6,PubMed,A2_entropy_l025,entropy_adaptive_wmc,0.25,4
0.4047993705743509,0.19210305236628397,2.1374125480651855,1.288887761829893,6,PubMed,A2_entropy_l025,entropy_adaptive_wmc,0.25,5
0.5419617099396801,0.46652174245360384,2.0095486640930176,1.288887761829893,6,PubMed,A2_entropy_l025,entropy_adaptive_wmc,0.25,6
0.5570416994492525,0.4702624033263363,2.0272281169891357,1.288887761829893,6,PubMed,A2_entropy_l025,entropy_adaptive_wmc,0.25,7
0.7537372147915028,0.7465241398761613,2.182546615600586,1.288887761829893,6,PubMed,A2_entropy_l025,entropy_adaptive_wmc,0.25,8
0.5483870967741935,0.4341153569485885,2.020805597305298,1.288887761829893,6,PubMed,A2_entropy_l025,entropy_adaptive_wmc,0.25,9
0.560770623222136,0.4528066302162032,2.1612606048583984,1.3069432469442612,6,PubMed,A3_entropy_l050,entropy_adaptive_wmc,0.5,0
0.4668994052236876,0.327608144191301,2.117849826812744,1.3069432469442612,6,PubMed,A3_entropy_l050,entropy_adaptive_wmc,0.5,1
0.7971295577967417,0.7926533399747822,2.0020809173583984,1.3069432469442612,6,PubMed,A3_entropy_l050,entropy_adaptive_wmc,0.5,2
0.7810964572019653,0.7761900308177005,2.0209481716156006,1.3069432469442612,6,PubMed,A3_entropy_l050,entropy_adaptive_wmc,0.5,3
0.5662011895526248,0.48443550426666954,2.204387903213501,1.3069432469442612,6,PubMed,A3_entropy_l050,entropy_adaptive_wmc,0.5,4
0.42487716576157225,0.2413101819105946,2.0350100994110107,1.3069432469442612,6,PubMed,A3_entropy_l050,entropy_adaptive_wmc,0.5,5
0.5368502715283165,0.46475826442592316,2.1222684383392334,1.3069432469442612,6,PubMed,A3_entropy_l050,entropy_adaptive_wmc,0.5,6
0.5576674424618567,0.47123652510480935,2.017251968383789,1.3069432469442612,6,PubMed,A3_entropy_l050,entropy_adaptive_wmc,0.5,7
0.7945435738298423,0.7889498552772448,2.1277823448181152,1.3069432469442612,6,PubMed,A3_entropy_l050,entropy_adaptive_wmc,0.5,8
0.5239203516938195,0.42677457964053694,2.017026662826538,1.3069432469442612,6,PubMed,A3_entropy_l050,entropy_adaptive_wmc,0.5,9
0.5623251081149835,0.4558661145617668,2.0079474449157715,1.3288025561698027,6,PubMed,A4_entropy_l075,entropy_adaptive_wmc,0.75,0
0.4211396591198168,0.2281594103969545,2.122718334197998,1.3288025561698027,6,PubMed,A4_entropy_l075,entropy_adaptive_wmc,0.75,1
0.8060290002543882,0.8021773529511581,2.0439906120300293,1.3288025561698027,6,PubMed,A4_entropy_l075,entropy_adaptive_wmc,0.75,2
0.7907657084711269,0.786060800289953,2.1210081577301025,1.3288025561698027,6,PubMed,A4_entropy_l075,entropy_adaptive_wmc,0.75,3
0.568430424828288,0.4779466508398343,2.011813163757324,1.3288025561698027,6,PubMed,A4_entropy_l075,entropy_adaptive_wmc,0.75,4
0.4180870007631646,0.23102714059094046,2.234734296798706,1.3288025561698027,6,PubMed,A4_entropy_l075,entropy_adaptive_wmc,0.75,5
0.5409564996184177,0.4624510090092045,2.027585506439209,1.3288025561698027,6,PubMed,A4_entropy_l075,entropy_adaptive_wmc,0.75,6
0.5656321546680234,0.4735567447258064,2.023073434829712,1.3288025561698027,6,PubMed,A4_entropy_l075,entropy_adaptive_wmc,0.75,7
0.7351818875604172,0.7273726907058263,2.1414318084716797,1.3288025561698027,6,PubMed,A4_entropy_l075,entropy_adaptive_wmc,0.75,8
0.41083693716611547,0.1941339103257603,2.129307746887207,1.3288025561698027,6,PubMed,A4_entropy_l075,entropy_adaptive_wmc,0.75,9
0.5613046895467645,0.4520331255097039,1.9230012893676758,1.2902064208550996,6,PubMed,A5_margin_l025,margin_adaptive_wmc,0.25,0
0.42585800366780197,0.24633563023637006,2.0081803798675537,1.2902064208550996,6,PubMed,A5_margin_l025,margin_adaptive_wmc,0.25,1
0.8016767094576893,0.7982752891846706,1.862962245941162,1.2902064208550996,6,PubMed,A5_margin_l025,margin_adaptive_wmc,0.25,2
0.7247838616714697,0.7176572040556107,2.0040953159332275,1.2902064208550996,6,PubMed,A5_margin_l025,margin_adaptive_wmc,0.25,3
0.7036940005239717,0.6928408537468402,1.8420484066009521,1.2902064208550996,6,PubMed,A5_margin_l025,margin_adaptive_wmc,0.25,4
0.5571129159025413,0.4684472798036068,1.9749133586883545,1.2902064208550996,6,PubMed,A5_margin_l025,margin_adaptive_wmc,0.25,5
0.5351061042703694,0.45464671881017465,1.824533224105835,1.2902064208550996,6,PubMed,A5_margin_l025,margin_adaptive_wmc,0.25,6
0.5592088027246529,0.4736029932740151,1.8258047103881836,1.2902064208550996,6,PubMed,A5_margin_l025,margin_adaptive_wmc,0.25,7
0.6353156929525806,0.5963456689990297,2.0523500442504883,1.2902064208550996,6,PubMed,A5_margin_l025,margin_adaptive_wmc,0.25,8
0.5322242598899659,0.4313992395356753,1.88639497756958,1.2902064208550996,6,PubMed,A5_margin_l025,margin_adaptive_wmc,0.25,9
0.5585133744855967,0.448723585677473,2.0325543880462646,1.3141451539280824,6,PubMed,A6_margin_l050,margin_adaptive_wmc,0.5,0
0.43968621399176955,0.26178670581947827,1.8537607192993164,1.3141451539280824,6,PubMed,A6_margin_l050,margin_adaptive_wmc,0.5,1
0.803369341563786,0.7985811966601967,1.854353904724121,1.3141451539280824,6,PubMed,A6_margin_l050,margin_adaptive_wmc,0.5,2
0.8023405349794238,0.7971725615136057,2.0427627563476562,1.3141451539280824,6,PubMed,A6_margin_l050,margin_adaptive_wmc,0.5,3
0.6616512345679012,0.6300093839005997,1.8844084739685059,1.3141451539280824,6,PubMed,A6_margin_l050,margin_adaptive_wmc,0.5,4
0.42155349794238683,0.20177263777849322,1.8414766788482666,1.3141451539280824,6,PubMed,A6_margin_l050,margin_adaptive_wmc,0.5,5
0.5380658436213992,0.4627102235670673,1.9731013774871826,1.3141451539280824,6,PubMed,A6_margin_l050,margin_adaptive_wmc,0.5,6
0.5659722222222222,0.4787469645938365,1.8784284591674805,1.3141451539280824,6,PubMed,A6_margin_l050,margin_adaptive_wmc,0.5,7
0.7938528806584362,0.7899711127009756,1.986274003982544,1.3141451539280824,6,PubMed,A6_margin_l050,margin_adaptive_wmc,0.5,8
0.5383230452674898,0.433640518986471,1.8598766326904297,1.3141451539280824,6,PubMed,A6_margin_l050,margin_adaptive_wmc,0.5,9
0.5737207833228049,0.4775941082486339,1.8661372661590576,1.3374752751432775,6,PubMed,A7_margin_l075,margin_adaptive_wmc,0.75,0
0.5345546430827542,0.4294132538122451,1.8577687740325928,1.3374752751432775,6,PubMed,A7_margin_l075,margin_adaptive_wmc,0.75,1
0.8012634238787113,0.796815450204015,2.0109658241271973,1.3374752751432775,6,PubMed,A7_margin_l075,margin_adaptive_wmc,0.75,2
0.7632343651295009,0.7572037653873768,1.987405776977539,1.3374752751432775,6,PubMed,A7_margin_l075,margin_adaptive_wmc,0.75,3
0.7158559696778269,0.706854937787424,1.9019644260406494,1.3374752751432775,6,PubMed,A7_margin_l075,margin_adaptive_wmc,0.75,4
0.5269740998104864,0.43606247379035173,1.953536033630371,1.3374752751432775,6,PubMed,A7_margin_l075,margin_adaptive_wmc,0.75,5
0.5571699305116866,0.4784057537046045,2.0376980304718018,1.3374752751432775,6,PubMed,A7_margin_l075,margin_adaptive_wmc,0.75,6
0.6640555906506633,0.6474966456136318,1.856139898300171,1.3374752751432775,6,PubMed,A7_margin_l075,margin_adaptive_wmc,0.75,7
0.7955780164245104,0.7904314784770112,1.9991896152496338,1.3374752751432775,6,PubMed,A7_margin_l075,margin_adaptive_wmc,0.75,8
0.52179406190777,0.4264384556713586,1.9214019775390625,1.3374752751432775,6,PubMed,A7_margin_l075,margin_adaptive_wmc,0.75,9
0.552445723253989,0.4427186154386222,2.1951260566711426,1.2923365623573566,6,PubMed,A8_hybrid_l025,hybrid_adaptive_wmc,0.25,0
0.5370128171592989,0.4314135838091864,2.3827998638153076,1.2923365623573566,6,PubMed,A8_hybrid_l025,hybrid_adaptive_wmc,0.25,1
0.7800156944807742,0.7753901123774862,2.111128330230713,1.2923365623573566,6,PubMed,A8_hybrid_l025,hybrid_adaptive_wmc,0.25,2
0.7243002877321475,0.7169824825652565,2.2489418983459473,1.2923365623573566,6,PubMed,A8_hybrid_l025,hybrid_adaptive_wmc,0.25,3
0.7274391838869997,0.7198605901537315,2.1159861087799072,1.2923365623573566,6,PubMed,A8_hybrid_l025,hybrid_adaptive_wmc,0.25,4
0.4298979858749673,0.24426631014652364,2.1702985763549805,1.2923365623573566,6,PubMed,A8_hybrid_l025,hybrid_adaptive_wmc,0.25,5
0.5500915511378499,0.46309789055480044,2.1153018474578857,1.2923365623573566,6,PubMed,A8_hybrid_l025,hybrid_adaptive_wmc,0.25,6
0.5643473711744703,0.47438312850989767,2.311279296875,1.2923365623573566,6,PubMed,A8_hybrid_l025,hybrid_adaptive_wmc,0.25,7
0.7760920742872089,0.7708874783652903,2.0983080863952637,1.2923365623573566,6,PubMed,A8_hybrid_l025,hybrid_adaptive_wmc,0.25,8
0.5205336123463249,0.42704667425530296,2.247972249984741,1.2923365623573566,6,PubMed,A8_hybrid_l025,hybrid_adaptive_wmc,0.25,9
0.5589329229190715,0.45141521764888415,2.1620938777923584,1.3177968250748084,6,PubMed,A9_hybrid_l050,hybrid_adaptive_wmc,0.5,0
0.5344363216621778,0.4507613756574669,2.1128125190734863,1.3177968250748084,6,PubMed,A9_hybrid_l050,hybrid_adaptive_wmc,0.5,1
0.8045402077722201,0.8004529117530303,2.2940917015075684,1.3177968250748084,6,PubMed,A9_hybrid_l050,hybrid_adaptive_wmc,0.5,2
0.7941515967679876,0.789531472773727,2.130411386489868,1.3177968250748084,6,PubMed,A9_hybrid_l050,hybrid_adaptive_wmc,0.5,3
0.7129665255867641,0.7033988004190653,2.3458058834075928,1.3177968250748084,6,PubMed,A9_hybrid_l050,hybrid_adaptive_wmc,0.5,4
0.471976401179941,0.35309311081452605,2.1334922313690186,1.3177968250748084,6,PubMed,A9_hybrid_l050,hybrid_adaptive_wmc,0.5,5
0.5330255226369116,0.4517242826916316,2.3534398078918457,1.3177968250748084,6,PubMed,A9_hybrid_l050,hybrid_adaptive_wmc,0.5,6
0.550596383224317,0.4690678063220708,2.1113758087158203,1.3177968250748084,6,PubMed,A9_hybrid_l050,hybrid_adaptive_wmc,0.5,7
0.6525586764140053,0.6218896709496169,2.091756582260132,1.3177968250748084,6,PubMed,A9_hybrid_l050,hybrid_adaptive_wmc,0.5,8
0.40746440938822626,0.19374601592975418,2.153923988342285,1.3177968250748084,6,PubMed,A9_hybrid_l050,hybrid_adaptive_wmc,0.5,9
0.5514206688458637,0.441929137613964,2.3313639163970947,1.344170005578942,6,PubMed,A10_hybrid_l075,hybrid_adaptive_wmc,0.75,0
0.5343223535328137,0.43123882190400353,2.3165314197540283,1.344170005578942,6,PubMed,A10_hybrid_l075,hybrid_adaptive_wmc,0.75,1
0.8085240130751823,0.8045720606951116,2.166407585144043,1.344170005578942,6,PubMed,A10_hybrid_l075,hybrid_adaptive_wmc,0.75,2
0.7662811164194117,0.7624701327236654,2.199759006500244,1.344170005578942,6,PubMed,A10_hybrid_l075,hybrid_adaptive_wmc,0.75,3
0.6761377923057581,0.6592485451937092,2.347571611404419,1.344170005578942,6,PubMed,A10_hybrid_l075,hybrid_adaptive_wmc,0.75,4
0.49031933618305257,0.37384762498335755,2.1482462882995605,1.344170005578942,6,PubMed,A10_hybrid_l075,hybrid_adaptive_wmc,0.75,5
0.5896404324867991,0.5410153628785777,2.3404505252838135,1.344170005578942,6,PubMed,A10_hybrid_l075,hybrid_adaptive_wmc,0.75,6
0.5655016343977872,0.47941262516161304,2.282426357269287,1.344170005578942,6,PubMed,A10_hybrid_l075,hybrid_adaptive_wmc,0.75,7
0.755091777721901,0.7474387601065007,2.1994824409484863,1.344170005578942,6,PubMed,A10_hybrid_l075,hybrid_adaptive_wmc,0.75,8
0.5404827759617802,0.43116246821917015,2.353101968765259,1.344170005578942,6,PubMed,A10_hybrid_l075,hybrid_adaptive_wmc,0.75,9
0.7823033707865169,0.7821138774242221,0.7356703281402588,1.0,6,ACM,A0_no_overlap,no_overlap,0.0,0
0.9185393258426966,0.9191103681986599,0.6905183792114258,1.0,6,ACM,A0_no_overlap,no_overlap,0.0,1
0.922752808988764,0.9203767235424571,0.7329714298248291,1.0,6,ACM,A0_no_overlap,no_overlap,0.0,2
0.9199438202247191,0.9214625781267628,0.7046263217926025,1.0,6,ACM,A0_no_overlap,no_overlap,0.0,3
0.9283707865168539,0.9281187480563498,0.6707265377044678,1.0,6,ACM,A0_no_overlap,no_overlap,0.0,4
0.9410112359550562,0.9394679208281224,0.6905758380889893,1.0,6,ACM,A0_no_overlap,no_overlap,0.0,5
0.9171348314606742,0.9170113142980396,0.7277746200561523,1.0,6,ACM,A0_no_overlap,no_overlap,0.0,6
0.9382022471910112,0.9372953984641853,0.7511806488037109,1.0,6,ACM,A0_no_overlap,no_overlap,0.0,7
0.8609550561797753,0.866075429424944,0.8134925365447998,1.0,6,ACM,A0_no_overlap,no_overlap,0.0,8
0.9171348314606742,0.915797643907703,0.7241289615631104,1.0,6,ACM,A0_no_overlap,no_overlap,0.0,9
0.8811111111111111,0.8818811804225907,0.801877498626709,1.2644942869234024,6,ACM,A1_original_wmc,original_wmc,0.0,0
0.9211111111111111,0.9213150975199564,0.7948522567749023,1.2644942869234024,6,ACM,A1_original_wmc,original_wmc,0.0,1
0.9222222222222223,0.9235198871156375,0.8116326332092285,1.2644942869234024,6,ACM,A1_original_wmc,original_wmc,0.0,2
0.8433333333333334,0.8401493143429454,0.7789795398712158,1.2644942869234024,6,ACM,A1_original_wmc,original_wmc,0.0,3
0.9333333333333333,0.9341864395386289,0.7561764717102051,1.2644942869234024,6,ACM,A1_original_wmc,original_wmc,0.0,4
0.9322222222222222,0.932226913788761,0.8222141265869141,1.2644942869234024,6,ACM,A1_original_wmc,original_wmc,0.0,5
0.92,0.920352012215552,0.7241058349609375,1.2644942869234024,6,ACM,A1_original_wmc,original_wmc,0.0,6
0.7422222222222222,0.7429187211947118,0.7462780475616455,1.2644942869234024,6,ACM,A1_original_wmc,original_wmc,0.0,7
0.8755555555555555,0.8718652374650532,0.7666873931884766,1.2644942869234024,6,ACM,A1_original_wmc,original_wmc,0.0,8
0.8911111111111111,0.8943784362804607,0.7182517051696777,1.2644942869234024,6,ACM,A1_original_wmc,original_wmc,0.0,9
0.643640350877193,0.5170640535084112,0.7618832588195801,1.2818451121455776,6,ACM,A2_entropy_l025,entropy_adaptive_wmc,0.25,0
0.9298245614035088,0.9304742719554753,0.8704433441162109,1.2818451121455776,6,ACM,A2_entropy_l025,entropy_adaptive_wmc,0.25,1
0.9243421052631579,0.9257305270377166,0.7758405208587646,1.2818451121455776,6,ACM,A2_entropy_l025,entropy_adaptive_wmc,0.25,2
0.9342105263157895,0.9359460010932756,0.7563076019287109,1.2818451121455776,6,ACM,A2_entropy_l025,entropy_adaptive_wmc,0.25,3
0.9287280701754386,0.9296606322110516,0.7347273826599121,1.2818451121455776,6,ACM,A2_entropy_l025,entropy_adaptive_wmc,0.25,4
0.9276315789473685,0.9279207051592508,0.8010847568511963,1.2818451121455776,6,ACM,A2_entropy_l025,entropy_adaptive_wmc,0.25,5
0.8793859649122807,0.8810533657447651,0.775888204574585,1.2818451121455776,6,ACM,A2_entropy_l025,entropy_adaptive_wmc,0.25,6
0.6600877192982456,0.548741850253299,0.8942291736602783,1.2818451121455776,6,ACM,A2_entropy_l025,entropy_adaptive_wmc,0.25,7
0.8892543859649122,0.8882365910714792,0.7866456508636475,1.2818451121455776,6,ACM,A2_entropy_l025,entropy_adaptive_wmc,0.25,8
0.9232456140350878,0.9254705258663289,0.7606496810913086,1.2818451121455776,6,ACM,A2_entropy_l025,entropy_adaptive_wmc,0.25,9
0.9332615715823466,0.9337760646590931,0.7411026954650879,1.3055438002539146,6,ACM,A3_entropy_l050,entropy_adaptive_wmc,0.5,0
0.9181916038751345,0.9198042554937728,0.7987377643585205,1.3055438002539146,6,ACM,A3_entropy_l050,entropy_adaptive_wmc,0.5,1
0.9181916038751345,0.9182402837088176,0.8026235103607178,1.3055438002539146,6,ACM,A3_entropy_l050,entropy_adaptive_wmc,0.5,2
0.8815931108719053,0.8821840966614919,0.8364439010620117,1.3055438002539146,6,ACM,A3_entropy_l050,entropy_adaptive_wmc,0.5,3
0.9171151776103337,0.9182148758375518,0.7744877338409424,1.3055438002539146,6,ACM,A3_entropy_l050,entropy_adaptive_wmc,0.5,4
0.9268030139935415,0.9266461762763879,0.812126636505127,1.3055438002539146,6,ACM,A3_entropy_l050,entropy_adaptive_wmc,0.5,5
0.8772874058127018,0.876293112774623,0.7831566333770752,1.3055438002539146,6,ACM,A3_entropy_l050,entropy_adaptive_wmc,0.5,6
0.6620021528525296,0.5448000682070083,0.7595996856689453,1.3055438002539146,6,ACM,A3_entropy_l050,entropy_adaptive_wmc,0.5,7
0.9149623250807319,0.9144833897395847,0.7615580558776855,1.3055438002539146,6,ACM,A3_entropy_l050,entropy_adaptive_wmc,0.5,8
0.9311087190527448,0.9327059268702972,0.8340067863464355,1.3055438002539146,6,ACM,A3_entropy_l050,entropy_adaptive_wmc,0.5,9
0.9243697478991597,0.9250770592957652,0.7811424732208252,1.33939906898011,6,ACM,A4_entropy_l075,entropy_adaptive_wmc,0.75,0
0.9254201680672269,0.9271421125313402,0.7545020580291748,1.33939906898011,6,ACM,A4_entropy_l075,entropy_adaptive_wmc,0.75,1
0.9023109243697479,0.9031271060860978,0.7527329921722412,1.33939906898011,6,ACM,A4_entropy_l075,entropy_adaptive_wmc,0.75,2
0.9264705882352942,0.9278332515818007,0.8175053596496582,1.33939906898011,6,ACM,A4_entropy_l075,entropy_adaptive_wmc,0.75,3
0.9222689075630253,0.9229813837100114,0.7928721904754639,1.33939906898011,6,ACM,A4_entropy_l075,entropy_adaptive_wmc,0.75,4
0.9180672268907563,0.9175929239389276,0.7553362846374512,1.33939906898011,6,ACM,A4_entropy_l075,entropy_adaptive_wmc,0.75,5
0.8361344537815126,0.8333082359858164,0.8789820671081543,1.33939906898011,6,ACM,A4_entropy_l075,entropy_adaptive_wmc,0.75,6
0.898109243697479,0.8985901741126058,0.8057944774627686,1.33939906898011,6,ACM,A4_entropy_l075,entropy_adaptive_wmc,0.75,7
0.865546218487395,0.8637783813735572,0.8733978271484375,1.33939906898011,6,ACM,A4_entropy_l075,entropy_adaptive_wmc,0.75,8
0.9044117647058824,0.9060544558471695,0.8525106906890869,1.33939906898011,6,ACM,A4_entropy_l075,entropy_adaptive_wmc,0.75,9
0.9165751920965971,0.9170753472011824,1.3914411067962646,1.2818451121455776,6,ACM,A5_margin_l025,margin_adaptive_wmc,0.25,0
0.9297475301866082,0.9298918883708472,1.1144123077392578,1.2818451121455776,6,ACM,A5_margin_l025,margin_adaptive_wmc,0.25,1
0.6311745334796927,0.5114141248706306,1.1637349128723145,1.2818451121455776,6,ACM,A5_margin_l025,margin_adaptive_wmc,0.25,2
0.9154774972557629,0.9172153927280885,1.3586463928222656,1.2818451121455776,6,ACM,A5_margin_l025,margin_adaptive_wmc,0.25,3
0.9209659714599341,0.9223914431024941,1.5560898780822754,1.2818451121455776,6,ACM,A5_margin_l025,margin_adaptive_wmc,0.25,4
0.9396267837541163,0.939350205061232,1.0168282985687256,1.2818451121455776,6,ACM,A5_margin_l025,margin_adaptive_wmc,0.25,5
0.70801317233809,0.6483204915589725,0.8862898349761963,1.2818451121455776,6,ACM,A5_margin_l025,margin_adaptive_wmc,0.25,6
0.6531284302963776,0.5467086591690604,0.920490026473999,1.2818451121455776,6,ACM,A5_margin_l025,margin_adaptive_wmc,0.25,7
0.9220636663007684,0.9234220148780699,1.041442632675171,1.2818451121455776,6,ACM,A5_margin_l025,margin_adaptive_wmc,0.25,8
0.9319429198682766,0.93324875220123,1.0123169422149658,1.2818451121455776,6,ACM,A5_margin_l025,margin_adaptive_wmc,0.25,9
0.774331550802139,0.7459085069498398,0.8930292129516602,1.3140076174354633,6,ACM,A6_margin_l050,margin_adaptive_wmc,0.5,0
0.9229946524064171,0.9242836103001607,0.9450192451477051,1.3140076174354633,6,ACM,A6_margin_l050,margin_adaptive_wmc,0.5,1
0.93048128342246,0.9313837654597611,1.0286865234375,1.3140076174354633,6,ACM,A6_margin_l050,margin_adaptive_wmc,0.5,2
0.9219251336898395,0.9238510276757076,0.9984283447265625,1.3140076174354633,6,ACM,A6_margin_l050,margin_adaptive_wmc,0.5,3
0.9219251336898395,0.9234202866928668,1.0782482624053955,1.3140076174354633,6,ACM,A6_margin_l050,margin_adaptive_wmc,0.5,4
0.9358288770053476,0.9360982246750682,0.8549919128417969,1.3140076174354633,6,ACM,A6_margin_l050,margin_adaptive_wmc,0.5,5
0.9187165775401069,0.9194857477066641,0.8867955207824707,1.3140076174354633,6,ACM,A6_margin_l050,margin_adaptive_wmc,0.5,6
0.9240641711229947,0.9242055295697679,0.8407721519470215,1.3140076174354633,6,ACM,A6_margin_l050,margin_adaptive_wmc,0.5,7
0.93048128342246,0.9313754778315158,0.8755924701690674,1.3140076174354633,6,ACM,A6_margin_l050,margin_adaptive_wmc,0.5,8
0.893048128342246,0.8926517530363604,0.8613531589508057,1.3140076174354633,6,ACM,A6_margin_l050,margin_adaptive_wmc,0.5,9
0.9122257053291536,0.9116951544522006,0.9862821102142334,1.3453237410071943,6,ACM,A7_margin_l075,margin_adaptive_wmc,0.75,0
0.6248693834900731,0.6296953947647193,0.8880350589752197,1.3453237410071943,6,ACM,A7_margin_l075,margin_adaptive_wmc,0.75,1
0.9258098223615465,0.9269397046488693,0.9344329833984375,1.3453237410071943,6,ACM,A7_margin_l075,margin_adaptive_wmc,0.75,2
0.8610240334378265,0.8543951119821767,0.8716325759887695,1.3453237410071943,6,ACM,A7_margin_l075,margin_adaptive_wmc,0.75,3
0.9237199582027168,0.9247072579971602,0.8648226261138916,1.3453237410071943,6,ACM,A7_margin_l075,margin_adaptive_wmc,0.75,4
0.9247648902821317,0.9243782220278972,0.9883952140808105,1.3453237410071943,6,ACM,A7_margin_l075,margin_adaptive_wmc,0.75,5
0.9310344827586207,0.9308218450785812,0.8840184211730957,1.3453237410071943,6,ACM,A7_margin_l075,margin_adaptive_wmc,0.75,6
0.8443051201671892,0.8439033001356787,0.8784606456756592,1.3453237410071943,6,ACM,A7_margin_l075,margin_adaptive_wmc,0.75,7
0.9404388714733543,0.9407295340274179,0.9688518047332764,1.3453237410071943,6,ACM,A7_margin_l075,margin_adaptive_wmc,0.75,8
0.9132706374085684,0.9149069467477428,1.2077066898345947,1.3453237410071943,6,ACM,A7_margin_l075,margin_adaptive_wmc,0.75,9
0.8081140350877193,0.8093239048565626,0.9578731060028076,1.2839610664409649,6,ACM,A8_hybrid_l025,hybrid_adaptive_wmc,0.25,0
0.918859649122807,0.9195349999947702,0.9987027645111084,1.2839610664409649,6,ACM,A8_hybrid_l025,hybrid_adaptive_wmc,0.25,1
0.9265350877192983,0.9279908832888966,0.9744875431060791,1.2839610664409649,6,ACM,A8_hybrid_l025,hybrid_adaptive_wmc,0.25,2
0.9375,0.938533500160832,0.9668169021606445,1.2839610664409649,6,ACM,A8_hybrid_l025,hybrid_adaptive_wmc,0.25,3
0.8980263157894737,0.89871298931716,1.1364004611968994,1.2839610664409649,6,ACM,A8_hybrid_l025,hybrid_adaptive_wmc,0.25,4
0.9287280701754386,0.9286117951111782,0.92256760597229,1.2839610664409649,6,ACM,A8_hybrid_l025,hybrid_adaptive_wmc,0.25,5
0.9254385964912281,0.9256454481666778,1.1250228881835938,1.2839610664409649,6,ACM,A8_hybrid_l025,hybrid_adaptive_wmc,0.25,6
0.6535087719298246,0.5509350083704081,0.9651610851287842,1.2839610664409649,6,ACM,A8_hybrid_l025,hybrid_adaptive_wmc,0.25,7
0.9364035087719298,0.9370068905970328,0.8527884483337402,1.2839610664409649,6,ACM,A8_hybrid_l025,hybrid_adaptive_wmc,0.25,8
0.9199561403508771,0.9219424660090123,0.9300141334533691,1.2839610664409649,6,ACM,A8_hybrid_l025,hybrid_adaptive_wmc,0.25,9
0.8,0.7820990391722099,0.9686117172241211,1.323317816335167,6,ACM,A9_hybrid_l050,hybrid_adaptive_wmc,0.5,0
0.9287234042553192,0.9304351729985897,1.0278406143188477,1.323317816335167,6,ACM,A9_hybrid_l050,hybrid_adaptive_wmc,0.5,1
0.9287234042553192,0.9281324029592405,1.0351905822753906,1.323317816335167,6,ACM,A9_hybrid_l050,hybrid_adaptive_wmc,0.5,2
0.8914893617021277,0.8935107792222531,0.9749040603637695,1.323317816335167,6,ACM,A9_hybrid_l050,hybrid_adaptive_wmc,0.5,3
0.9234042553191489,0.9253347580026346,1.1302015781402588,1.323317816335167,6,ACM,A9_hybrid_l050,hybrid_adaptive_wmc,0.5,4
0.9117021276595745,0.9109216096856537,1.0791168212890625,1.323317816335167,6,ACM,A9_hybrid_l050,hybrid_adaptive_wmc,0.5,5
0.9287234042553192,0.9284259656745419,0.864018440246582,1.323317816335167,6,ACM,A9_hybrid_l050,hybrid_adaptive_wmc,0.5,6
0.9329787234042554,0.9335103572183471,0.9787273406982422,1.323317816335167,6,ACM,A9_hybrid_l050,hybrid_adaptive_wmc,0.5,7
0.9372340425531915,0.938273961419088,0.8842380046844482,1.323317816335167,6,ACM,A9_hybrid_l050,hybrid_adaptive_wmc,0.5,8
0.9212765957446809,0.9234395694818573,0.8628108501434326,1.323317816335167,6,ACM,A9_hybrid_l050,hybrid_adaptive_wmc,0.5,9
0.8607068607068608,0.8554580092758183,0.8865277767181396,1.354633939906898,6,ACM,A10_hybrid_l075,hybrid_adaptive_wmc,0.75,0
0.9158004158004158,0.9163147134767158,0.8563613891601562,1.354633939906898,6,ACM,A10_hybrid_l075,hybrid_adaptive_wmc,0.75,1
0.7110187110187111,0.6438959011143787,0.92002272605896,1.354633939906898,6,ACM,A10_hybrid_l075,hybrid_adaptive_wmc,0.75,2
0.9178794178794178,0.9195706519964236,0.907834529876709,1.354633939906898,6,ACM,A10_hybrid_l075,hybrid_adaptive_wmc,0.75,3
0.9158004158004158,0.9168381161183564,0.9648118019104004,1.354633939906898,6,ACM,A10_hybrid_l075,hybrid_adaptive_wmc,0.75,4
0.9303534303534303,0.9302634982947179,0.8543877601623535,1.354633939906898,6,ACM,A10_hybrid_l075,hybrid_adaptive_wmc,0.75,5
0.9168399168399168,0.9163710632035708,0.8231775760650635,1.354633939906898,6,ACM,A10_hybrid_l075,hybrid_adaptive_wmc,0.75,6
0.6673596673596673,0.5521961684731092,0.8163497447967529,1.354633939906898,6,ACM,A10_hybrid_l075,hybrid_adaptive_wmc,0.75,7
0.918918918918919,0.91920776700602,0.8437290191650391,1.354633939906898,6,ACM,A10_hybrid_l075,hybrid_adaptive_wmc,0.75,8
0.9449064449064449,0.9455318004846308,0.860877513885498,1.354633939906898,6,ACM,A10_hybrid_l075,hybrid_adaptive_wmc,0.75,9
0.8326947637292464,0.8199453595091121,0.9266998767852783,1.0,8,DBLP,A0_no_overlap,no_overlap,0.0,0
0.8314176245210728,0.8246551800381731,1.0244824886322021,1.0,8,DBLP,A0_no_overlap,no_overlap,0.0,1
0.8314176245210728,0.8222935134317109,0.9054267406463623,1.0,8,DBLP,A0_no_overlap,no_overlap,0.0,2
0.80970625798212,0.7981037763214138,1.6235144138336182,1.0,8,DBLP,A0_no_overlap,no_overlap,0.0,3
0.8288633461047255,0.8174010328539199,0.8818225860595703,1.0,8,DBLP,A0_no_overlap,no_overlap,0.0,4
0.8301404853128991,0.8224883016790531,0.8587477207183838,1.0,8,DBLP,A0_no_overlap,no_overlap,0.0,5
0.8403575989782887,0.8304882975849327,0.8940165042877197,1.0,8,DBLP,A0_no_overlap,no_overlap,0.0,6
0.8403575989782887,0.8334370532559401,1.1429133415222168,1.0,8,DBLP,A0_no_overlap,no_overlap,0.0,7
0.8684546615581098,0.8619449909449917,0.9619383811950684,1.0,8,DBLP,A0_no_overlap,no_overlap,0.0,8
0.822477650063857,0.8171325918651009,1.0951721668243408,1.0,8,DBLP,A0_no_overlap,no_overlap,0.0,9
0.8639175257731959,0.8520124427087507,1.2921829223632812,1.2439212659204941,8,DBLP,A1_original_wmc,original_wmc,0.0,0
0.8587628865979381,0.8512928024163953,0.9837114810943604,1.2439212659204941,8,DBLP,A1_original_wmc,original_wmc,0.0,1
0.8195876288659794,0.8025404438132198,0.9409935474395752,1.2439212659204941,8,DBLP,A1_original_wmc,original_wmc,0.0,2
0.8041237113402062,0.7988370246576557,0.9702796936035156,1.2439212659204941,8,DBLP,A1_original_wmc,original_wmc,0.0,3
0.8443298969072165,0.8371382303952966,0.9197487831115723,1.2439212659204941,8,DBLP,A1_original_wmc,original_wmc,0.0,4
0.8381443298969072,0.8286010768384597,1.0641381740570068,1.2439212659204941,8,DBLP,A1_original_wmc,original_wmc,0.0,5
0.8494845360824742,0.8446665387723109,0.8771011829376221,1.2439212659204941,8,DBLP,A1_original_wmc,original_wmc,0.0,6
0.8412371134020619,0.8279130360713353,0.9342691898345947,1.2439212659204941,8,DBLP,A1_original_wmc,original_wmc,0.0,7
0.8474226804123711,0.8291812692158399,1.3524165153503418,1.2439212659204941,8,DBLP,A1_original_wmc,original_wmc,0.0,8
0.8298969072164949,0.8162528546862241,1.5963995456695557,1.2439212659204941,8,DBLP,A1_original_wmc,original_wmc,0.0,9
0.8364532019704434,0.8289833133740876,0.949012041091919,1.302199922809726,8,DBLP,A2_entropy_l025,entropy_adaptive_wmc,0.25,0
0.8660098522167488,0.851954808928027,1.0166962146759033,1.302199922809726,8,DBLP,A2_entropy_l025,entropy_adaptive_wmc,0.25,1
0.8423645320197044,0.8290812923501029,0.9321510791778564,1.302199922809726,8,DBLP,A2_entropy_l025,entropy_adaptive_wmc,0.25,2
0.8413793103448276,0.8348534253229953,0.9537770748138428,1.302199922809726,8,DBLP,A2_entropy_l025,entropy_adaptive_wmc,0.25,3
0.8492610837438423,0.8404293431178392,0.9237172603607178,1.302199922809726,8,DBLP,A2_entropy_l025,entropy_adaptive_wmc,0.25,4
0.8403940886699507,0.8275014425267662,0.8839764595031738,1.302199922809726,8,DBLP,A2_entropy_l025,entropy_adaptive_wmc,0.25,5
0.8502463054187193,0.842579156865842,0.9282100200653076,1.302199922809726,8,DBLP,A2_entropy_l025,entropy_adaptive_wmc,0.25,6
0.8699507389162562,0.859093657324488,0.96091628074646,1.302199922809726,8,DBLP,A2_entropy_l025,entropy_adaptive_wmc,0.25,7
0.8551724137931035,0.8438797940197722,1.3839941024780273,1.302199922809726,8,DBLP,A2_entropy_l025,entropy_adaptive_wmc,0.25,8
0.8463054187192118,0.8317733938038675,2.4403631687164307,1.302199922809726,8,DBLP,A2_entropy_l025,entropy_adaptive_wmc,0.25,9
0.8620019436345967,0.8550762132583465,1.24092698097229,1.3195677344654573,8,DBLP,A3_entropy_l050,entropy_adaptive_wmc,0.5,0
0.8250728862973761,0.8044706770432144,1.2465336322784424,1.3195677344654573,8,DBLP,A3_entropy_l050,entropy_adaptive_wmc,0.5,1
0.8542274052478134,0.8428634410381379,1.085866928100586,1.3195677344654573,8,DBLP,A3_entropy_l050,entropy_adaptive_wmc,0.5,2
0.8668610301263362,0.8590481781164103,1.094465732574463,1.3195677344654573,8,DBLP,A3_entropy_l050,entropy_adaptive_wmc,0.5,3
0.8406219630709426,0.8322168372928453,1.0840704441070557,1.3195677344654573,8,DBLP,A3_entropy_l050,entropy_adaptive_wmc,0.5,4
0.8483965014577259,0.8332819204614901,1.2249183654785156,1.3195677344654573,8,DBLP,A3_entropy_l050,entropy_adaptive_wmc,0.5,5
0.8542274052478134,0.8454909718754423,1.102675437927246,1.3195677344654573,8,DBLP,A3_entropy_l050,entropy_adaptive_wmc,0.5,6
0.8610301263362488,0.8467542380431028,1.1257755756378174,1.3195677344654573,8,DBLP,A3_entropy_l050,entropy_adaptive_wmc,0.5,7
0.8532555879494655,0.8434180423903987,1.1233270168304443,1.3195677344654573,8,DBLP,A3_entropy_l050,entropy_adaptive_wmc,0.5,8
0.7648202137998056,0.7358481611169463,1.101802110671997,1.3195677344654573,8,DBLP,A3_entropy_l050,entropy_adaptive_wmc,0.5,9
0.8533333333333334,0.8432886412352056,1.1675207614898682,1.3450405248938633,8,DBLP,A4_entropy_l075,entropy_adaptive_wmc,0.75,0
0.8523809523809524,0.8398632896226111,1.0845084190368652,1.3450405248938633,8,DBLP,A4_entropy_l075,entropy_adaptive_wmc,0.75,1
0.8419047619047619,0.8310176268014251,1.2428102493286133,1.3450405248938633,8,DBLP,A4_entropy_l075,entropy_adaptive_wmc,0.75,2
0.8485714285714285,0.8389154429224317,1.078610897064209,1.3450405248938633,8,DBLP,A4_entropy_l075,entropy_adaptive_wmc,0.75,3
0.8580952380952381,0.8434283931697427,1.3348495960235596,1.3450405248938633,8,DBLP,A4_entropy_l075,entropy_adaptive_wmc,0.75,4
0.8533333333333334,0.8450244672023124,1.2090764045715332,1.3450405248938633,8,DBLP,A4_entropy_l075,entropy_adaptive_wmc,0.75,5
0.8428571428571429,0.8275002353741592,1.181056261062622,1.3450405248938633,8,DBLP,A4_entropy_l075,entropy_adaptive_wmc,0.75,6
0.840952380952381,0.8282950471681604,1.1900734901428223,1.3450405248938633,8,DBLP,A4_entropy_l075,entropy_adaptive_wmc,0.75,7
0.8657142857142858,0.8551680133725486,1.1828248500823975,1.3450405248938633,8,DBLP,A4_entropy_l075,entropy_adaptive_wmc,0.75,8
0.8714285714285714,0.8617327136707938,1.0942332744598389,1.3450405248938633,8,DBLP,A4_entropy_l075,entropy_adaptive_wmc,0.75,9
0.8620689655172413,0.8547789936946533,0.9087824821472168,1.3014280200694712,8,DBLP,A5_margin_l025,margin_adaptive_wmc,0.25,0
0.8669950738916257,0.8529524975609799,0.8925943374633789,1.3014280200694712,8,DBLP,A5_margin_l025,margin_adaptive_wmc,0.25,1
0.8551724137931035,0.8443895589169932,0.8989689350128174,1.3014280200694712,8,DBLP,A5_margin_l025,margin_adaptive_wmc,0.25,2
0.8482758620689655,0.8370667696995637,0.8765840530395508,1.3014280200694712,8,DBLP,A5_margin_l025,margin_adaptive_wmc,0.25,3
0.8699507389162562,0.855975686946997,0.9079453945159912,1.3014280200694712,8,DBLP,A5_margin_l025,margin_adaptive_wmc,0.25,4
0.8561576354679803,0.8480194909212584,1.0279436111450195,1.3014280200694712,8,DBLP,A5_margin_l025,margin_adaptive_wmc,0.25,5
0.8463054187192118,0.8399461770211084,0.9502525329589844,1.3014280200694712,8,DBLP,A5_margin_l025,margin_adaptive_wmc,0.25,6
0.8532019704433498,0.8438470618735032,1.0857822895050049,1.3014280200694712,8,DBLP,A5_margin_l025,margin_adaptive_wmc,0.25,7
0.864039408866995,0.854834168849087,1.00034761428833,1.3014280200694712,8,DBLP,A5_margin_l025,margin_adaptive_wmc,0.25,8
0.8403940886699507,0.8279741903833177,0.9022715091705322,1.3014280200694712,8,DBLP,A5_margin_l025,margin_adaptive_wmc,0.25,9
0.8513513513513513,0.8415157679485932,0.9056525230407715,1.3284446159783867,8,DBLP,A6_margin_l050,margin_adaptive_wmc,0.5,0
0.8243243243243243,0.8123041845692618,0.9355995655059814,1.3284446159783867,8,DBLP,A6_margin_l050,margin_adaptive_wmc,0.5,1
0.8552123552123552,0.8407924264386596,0.964087963104248,1.3284446159783867,8,DBLP,A6_margin_l050,margin_adaptive_wmc,0.5,2
0.8532818532818532,0.8429644365201363,1.0247936248779297,1.3284446159783867,8,DBLP,A6_margin_l050,margin_adaptive_wmc,0.5,3
0.8638996138996139,0.8546253113030933,1.1095600128173828,1.3284446159783867,8,DBLP,A6_margin_l050,margin_adaptive_wmc,0.5,4
0.8494208494208494,0.8328882973182345,0.9543931484222412,1.3284446159783867,8,DBLP,A6_margin_l050,margin_adaptive_wmc,0.5,5
0.8561776061776062,0.8451980460671049,0.9961528778076172,1.3284446159783867,8,DBLP,A6_margin_l050,margin_adaptive_wmc,0.5,6
0.8494208494208494,0.8361351010359687,1.1298677921295166,1.3284446159783867,8,DBLP,A6_margin_l050,margin_adaptive_wmc,0.5,7
0.8542471042471043,0.8422169288894943,0.9922549724578857,1.3284446159783867,8,DBLP,A6_margin_l050,margin_adaptive_wmc,0.5,8
0.8552123552123552,0.8450153153626089,0.9773101806640625,1.3284446159783867,8,DBLP,A6_margin_l050,margin_adaptive_wmc,0.5,9
0.852198316183349,0.8418758602061852,1.016313076019287,1.3705133153222695,8,DBLP,A7_margin_l075,margin_adaptive_wmc,0.75,0
0.8447146866230122,0.8255869522202448,0.9676225185394287,1.3705133153222695,8,DBLP,A7_margin_l075,margin_adaptive_wmc,0.75,1
0.8559401309635173,0.8505842077341272,0.9567034244537354,1.3705133153222695,8,DBLP,A7_margin_l075,margin_adaptive_wmc,0.75,2
0.852198316183349,0.8428860910269953,0.9085454940795898,1.3705133153222695,8,DBLP,A7_margin_l075,margin_adaptive_wmc,0.75,3
0.8662301216089804,0.8541695468575227,0.8998878002166748,1.3705133153222695,8,DBLP,A7_margin_l075,margin_adaptive_wmc,0.75,4
0.8596819457436857,0.8496665294650824,0.9389224052429199,1.3705133153222695,8,DBLP,A7_margin_l075,margin_adaptive_wmc,0.75,5
0.8465855940130963,0.8404969875316077,0.9857981204986572,1.3705133153222695,8,DBLP,A7_margin_l075,margin_adaptive_wmc,0.75,6
0.8559401309635173,0.8446447194574395,0.88446044921875,1.3705133153222695,8,DBLP,A7_margin_l075,margin_adaptive_wmc,0.75,7
0.8437792329279701,0.828180957053442,0.8814220428466797,1.3705133153222695,8,DBLP,A7_margin_l075,margin_adaptive_wmc,0.75,8
0.8419083255378859,0.8273117535487176,0.9667763710021973,1.3705133153222695,8,DBLP,A7_margin_l075,margin_adaptive_wmc,0.75,9
0.8603736479842674,0.8497866229452579,0.9323687553405762,1.3049015824006176,8,DBLP,A8_hybrid_l025,hybrid_adaptive_wmc,0.25,0
0.8623402163225172,0.8517428396039249,0.8750650882720947,1.3049015824006176,8,DBLP,A8_hybrid_l025,hybrid_adaptive_wmc,0.25,1
0.8456243854473943,0.8286646959080705,0.8859939575195312,1.3049015824006176,8,DBLP,A8_hybrid_l025,hybrid_adaptive_wmc,0.25,2
0.8485742379547689,0.8407246762600773,0.995699405670166,1.3049015824006176,8,DBLP,A8_hybrid_l025,hybrid_adaptive_wmc,0.25,3
0.855457227138643,0.8430651974903728,0.9277398586273193,1.3049015824006176,8,DBLP,A8_hybrid_l025,hybrid_adaptive_wmc,0.25,4
0.8475909537856441,0.8424104575461997,0.906069278717041,1.3049015824006176,8,DBLP,A8_hybrid_l025,hybrid_adaptive_wmc,0.25,5
0.8751229105211407,0.8667716024654716,0.9104099273681641,1.3049015824006176,8,DBLP,A8_hybrid_l025,hybrid_adaptive_wmc,0.25,6
0.8761061946902655,0.8716971849906776,0.9636244773864746,1.3049015824006176,8,DBLP,A8_hybrid_l025,hybrid_adaptive_wmc,0.25,7
0.856440511307768,0.8442915600015146,0.9521725177764893,1.3049015824006176,8,DBLP,A8_hybrid_l025,hybrid_adaptive_wmc,0.25,8
0.8485742379547689,0.8380201867565842,0.9012374877929688,1.3049015824006176,8,DBLP,A8_hybrid_l025,hybrid_adaptive_wmc,0.25,9
0.8722382324687801,0.8664309786933465,0.9919302463531494,1.3342338865302972,8,DBLP,A9_hybrid_l050,hybrid_adaptive_wmc,0.5,0
0.8751200768491835,0.8654185043266822,0.8864266872406006,1.3342338865302972,8,DBLP,A9_hybrid_l050,hybrid_adaptive_wmc,0.5,1
0.8712776176753122,0.8635745782938782,0.8764796257019043,1.3342338865302972,8,DBLP,A9_hybrid_l050,hybrid_adaptive_wmc,0.5,2
0.8568683957732949,0.8473523096774596,0.8977372646331787,1.3342338865302972,8,DBLP,A9_hybrid_l050,hybrid_adaptive_wmc,0.5,3
0.8530259365994236,0.8369710558775458,0.9137377738952637,1.3342338865302972,8,DBLP,A9_hybrid_l050,hybrid_adaptive_wmc,0.5,4
0.8751200768491835,0.8671508564555974,0.8994629383087158,1.3342338865302972,8,DBLP,A9_hybrid_l050,hybrid_adaptive_wmc,0.5,5
0.8482228626320846,0.8427578891290074,0.9069020748138428,1.3342338865302972,8,DBLP,A9_hybrid_l050,hybrid_adaptive_wmc,0.5,6
0.8655139289145053,0.8534908626015065,0.985520601272583,1.3342338865302972,8,DBLP,A9_hybrid_l050,hybrid_adaptive_wmc,0.5,7
0.8607108549471661,0.853659045639196,0.8963093757629395,1.3342338865302972,8,DBLP,A9_hybrid_l050,hybrid_adaptive_wmc,0.5,8
0.8482228626320846,0.8364629304457507,0.9072856903076172,1.3342338865302972,8,DBLP,A9_hybrid_l050,hybrid_adaptive_wmc,0.5,9
0.8423005565862709,0.8312967943615619,0.9080619812011719,1.3820918564260902,8,DBLP,A10_hybrid_l075,hybrid_adaptive_wmc,0.75,0
0.8534322820037106,0.8364510631612683,0.8859822750091553,1.3820918564260902,8,DBLP,A10_hybrid_l075,hybrid_adaptive_wmc,0.75,1
0.8543599257884972,0.8417964132311823,0.905339241027832,1.3820918564260902,8,DBLP,A10_hybrid_l075,hybrid_adaptive_wmc,0.75,2
0.8423005565862709,0.8341201132904024,0.9897711277008057,1.3820918564260902,8,DBLP,A10_hybrid_l075,hybrid_adaptive_wmc,0.75,3
0.8589981447124304,0.8462263415053056,0.8941385746002197,1.3820918564260902,8,DBLP,A10_hybrid_l075,hybrid_adaptive_wmc,0.75,4
0.865491651205937,0.8547176031671344,0.9138689041137695,1.3820918564260902,8,DBLP,A10_hybrid_l075,hybrid_adaptive_wmc,0.75,5
0.8320964749536178,0.8167383363677596,0.9124622344970703,1.3820918564260902,8,DBLP,A10_hybrid_l075,hybrid_adaptive_wmc,0.75,6
0.859925788497217,0.8480431870401542,0.9750666618347168,1.3820918564260902,8,DBLP,A10_hybrid_l075,hybrid_adaptive_wmc,0.75,7
0.8673469387755102,0.8554923504715579,0.9015228748321533,1.3820918564260902,8,DBLP,A10_hybrid_l075,hybrid_adaptive_wmc,0.75,8
0.8552875695732839,0.8423961054058705,0.8861358165740967,1.3820918564260902,8,DBLP,A10_hybrid_l075,hybrid_adaptive_wmc,0.75,9
0.3830703012912482,0.2509895705624256,1.6804497241973877,1.0,10,IMDB,A0_no_overlap,no_overlap,0.0,0
0.3916786226685796,0.319416354988619,1.6090714931488037,1.0,10,IMDB,A0_no_overlap,no_overlap,0.0,1
0.38522238163558103,0.2561636819135492,1.7282047271728516,1.0,10,IMDB,A0_no_overlap,no_overlap,0.0,2
0.39239598278335724,0.2887109327407188,1.4377155303955078,1.0,10,IMDB,A0_no_overlap,no_overlap,0.0,3
0.39239598278335724,0.3184179226795278,1.5589230060577393,1.0,10,IMDB,A0_no_overlap,no_overlap,0.0,4
0.40100430416068866,0.3078762108927464,1.4440500736236572,1.0,10,IMDB,A0_no_overlap,no_overlap,0.0,5
0.39239598278335724,0.32345676481778274,1.6162502765655518,1.0,10,IMDB,A0_no_overlap,no_overlap,0.0,6
0.4053084648493544,0.3753473207425939,1.609057903289795,1.0,10,IMDB,A0_no_overlap,no_overlap,0.0,7
0.3802008608321377,0.350610502915889,1.4714646339416504,1.0,10,IMDB,A0_no_overlap,no_overlap,0.0,8
0.42109038737446197,0.32176007596366757,1.6343040466308594,1.0,10,IMDB,A0_no_overlap,no_overlap,0.0,9
0.4383159268929504,0.3357708241981765,2.2267563343048096,2.2025917926565874,10,IMDB,A1_original_wmc,original_wmc,0.0,0
0.43798955613577023,0.35924477474574845,2.2190353870391846,2.2025917926565874,10,IMDB,A1_original_wmc,original_wmc,0.0,1
0.4406005221932115,0.33402639137336954,2.168351888656616,2.2025917926565874,10,IMDB,A1_original_wmc,original_wmc,0.0,2
0.4197127937336815,0.36065292767224844,2.221743583679199,2.2025917926565874,10,IMDB,A1_original_wmc,original_wmc,0.0,3
0.4471279373368146,0.37314991761682953,2.1859676837921143,2.2025917926565874,10,IMDB,A1_original_wmc,original_wmc,0.0,4
0.4308093994778068,0.3049227326295452,2.323408365249634,2.2025917926565874,10,IMDB,A1_original_wmc,original_wmc,0.0,5
0.43505221932114885,0.3483446035181395,2.1915881633758545,2.2025917926565874,10,IMDB,A1_original_wmc,original_wmc,0.0,6
0.4171018276762402,0.31566050484122055,2.1296355724334717,2.2025917926565874,10,IMDB,A1_original_wmc,original_wmc,0.0,7
0.4050261096605744,0.3606278085705127,2.1658732891082764,2.2025917926565874,10,IMDB,A1_original_wmc,original_wmc,0.0,8
0.43048302872062666,0.3434571309366211,2.3094615936279297,2.2025917926565874,10,IMDB,A1_original_wmc,original_wmc,0.0,9
0.43909866017052374,0.30918321792273146,2.366966485977173,2.361771058315335,10,IMDB,A2_entropy_l025,entropy_adaptive_wmc,0.25,0
0.4333130328867235,0.3636700487700518,2.3534393310546875,2.361771058315335,10,IMDB,A2_entropy_l025,entropy_adaptive_wmc,0.25,1
0.4302679658952497,0.30611678387226104,2.550405263900757,2.361771058315335,10,IMDB,A2_entropy_l025,entropy_adaptive_wmc,0.25,2
0.44549330085261873,0.347001533087857,2.312148094177246,2.361771058315335,10,IMDB,A2_entropy_l025,entropy_adaptive_wmc,0.25,3
0.4524969549330085,0.3549742413203759,2.346529483795166,2.361771058315335,10,IMDB,A2_entropy_l025,entropy_adaptive_wmc,0.25,4
0.40651644336175397,0.3249988506154985,2.514282703399658,2.361771058315335,10,IMDB,A2_entropy_l025,entropy_adaptive_wmc,0.25,5
0.43057247259439707,0.3369431886477293,2.3074791431427,2.361771058315335,10,IMDB,A2_entropy_l025,entropy_adaptive_wmc,0.25,6
0.4290499390986602,0.3546696024257363,2.410942554473877,2.361771058315335,10,IMDB,A2_entropy_l025,entropy_adaptive_wmc,0.25,7
0.44336175395858707,0.37718731461345484,2.315201997756958,2.361771058315335,10,IMDB,A2_entropy_l025,entropy_adaptive_wmc,0.25,8
0.4229598051157126,0.31651905726635043,2.4196391105651855,2.361771058315335,10,IMDB,A2_entropy_l025,entropy_adaptive_wmc,0.25,9
0.4495335029686175,0.35272435900091903,2.3721086978912354,2.54341252699784,10,IMDB,A3_entropy_l050,entropy_adaptive_wmc,0.5,0
0.44698897370653096,0.3597517996467914,2.4662938117980957,2.54341252699784,10,IMDB,A3_entropy_l050,entropy_adaptive_wmc,0.5,1
0.4396381113938366,0.31707200371432875,2.463491201400757,2.54341252699784,10,IMDB,A3_entropy_l050,entropy_adaptive_wmc,0.5,2
0.44614079728583544,0.33807011500849776,2.3793530464172363,2.54341252699784,10,IMDB,A3_entropy_l050,entropy_adaptive_wmc,0.5,3
0.43256997455470736,0.3233867138469238,2.522534132003784,2.54341252699784,10,IMDB,A3_entropy_l050,entropy_adaptive_wmc,0.5,4
0.4348317783432287,0.32925385549675884,2.386714220046997,2.54341252699784,10,IMDB,A3_entropy_l050,entropy_adaptive_wmc,0.5,5
0.43030817076618605,0.33794991780469674,2.445734977722168,2.54341252699784,10,IMDB,A3_entropy_l050,entropy_adaptive_wmc,0.5,6
0.4402035623409669,0.32072054521623683,2.389073610305786,2.54341252699784,10,IMDB,A3_entropy_l050,entropy_adaptive_wmc,0.5,7
0.43907266044670623,0.3652798258210204,2.454256534576416,2.54341252699784,10,IMDB,A3_entropy_l050,entropy_adaptive_wmc,0.5,8
0.43539722929035907,0.3092992094022904,2.323885917663574,2.54341252699784,10,IMDB,A3_entropy_l050,entropy_adaptive_wmc,0.5,9
0.4413685035257247,0.3010226531151661,2.656498908996582,2.75377969762419,10,IMDB,A4_entropy_l075,entropy_adaptive_wmc,0.75,0
0.4510316009401933,0.40500799707483004,2.5034141540527344,2.75377969762419,10,IMDB,A4_entropy_l075,entropy_adaptive_wmc,0.75,1
0.42230347349177333,0.28077997533593574,2.526399612426758,2.75377969762419,10,IMDB,A4_entropy_l075,entropy_adaptive_wmc,0.75,2
0.4606946983546618,0.35841869793489156,2.6432950496673584,2.75377969762419,10,IMDB,A4_entropy_l075,entropy_adaptive_wmc,0.75,3
0.44215199791068166,0.31903153786220206,2.456508159637451,2.75377969762419,10,IMDB,A4_entropy_l075,entropy_adaptive_wmc,0.75,4
0.43327239488117003,0.3200929432346099,2.6729636192321777,2.75377969762419,10,IMDB,A4_entropy_l075,entropy_adaptive_wmc,0.75,5
0.4468529642204231,0.3446792516782101,2.5615146160125732,2.75377969762419,10,IMDB,A4_entropy_l075,entropy_adaptive_wmc,0.75,6
0.4317054061112562,0.3352342684902669,2.6280689239501953,2.75377969762419,10,IMDB,A4_entropy_l075,entropy_adaptive_wmc,0.75,7
0.44424131627056673,0.32853868227389127,2.4462907314300537,2.75377969762419,10,IMDB,A4_entropy_l075,entropy_adaptive_wmc,0.75,8
0.4510316009401933,0.3247659109594082,2.6319632530212402,2.75377969762419,10,IMDB,A4_entropy_l075,entropy_adaptive_wmc,0.75,9
0.43757612667478685,0.30497337165164157,2.448636531829834,2.361123110151188,10,IMDB,A5_margin_l025,margin_adaptive_wmc,0.25,0
0.45706455542021923,0.38488186225254045,2.279940128326416,2.361123110151188,10,IMDB,A5_margin_l025,margin_adaptive_wmc,0.25,1
0.41412911084043846,0.26316100195918696,2.3267629146575928,2.361123110151188,10,IMDB,A5_margin_l025,margin_adaptive_wmc,0.25,2
0.44275274056029235,0.35626841464907166,2.278574228286743,2.361123110151188,10,IMDB,A5_margin_l025,margin_adaptive_wmc,0.25,3
0.4476248477466504,0.37239079823823185,2.326462745666504,2.361123110151188,10,IMDB,A5_margin_l025,margin_adaptive_wmc,0.25,4
0.4403166869671133,0.35922446493457094,2.276278018951416,2.361123110151188,10,IMDB,A5_margin_l025,margin_adaptive_wmc,0.25,5
0.4336175395858709,0.34940283053872684,2.340886116027832,2.361123110151188,10,IMDB,A5_margin_l025,margin_adaptive_wmc,0.25,6
0.43757612667478685,0.3510712747663905,2.46951961517334,2.361123110151188,10,IMDB,A5_margin_l025,margin_adaptive_wmc,0.25,7
0.41412911084043846,0.30291195404447785,2.78922176361084,2.361123110151188,10,IMDB,A5_margin_l025,margin_adaptive_wmc,0.25,8
0.42935444579780757,0.3420851703569855,3.1231515407562256,2.361123110151188,10,IMDB,A5_margin_l025,margin_adaptive_wmc,0.25,9
0.442865264354747,0.35340527278998723,2.8022587299346924,2.5293736501079915,10,IMDB,A6_margin_l050,margin_adaptive_wmc,0.5,0
0.45309835133598636,0.3729582625733294,2.9068679809570312,2.5293736501079915,10,IMDB,A6_margin_l050,margin_adaptive_wmc,0.5,1
0.42723138146674244,0.2917641266975902,2.5710549354553223,2.5293736501079915,10,IMDB,A6_margin_l050,margin_adaptive_wmc,0.5,2
0.4459920409323479,0.340746363756234,2.820734977722168,2.5293736501079915,10,IMDB,A6_margin_l050,margin_adaptive_wmc,0.5,3
0.4542353610005685,0.36270655395285833,2.720308303833008,2.5293736501079915,10,IMDB,A6_margin_l050,margin_adaptive_wmc,0.5,4
0.4488345650938033,0.3490471224288644,2.54555606842041,2.5293736501079915,10,IMDB,A6_margin_l050,margin_adaptive_wmc,0.5,5
0.4204093234792496,0.3501310150731066,2.265326738357544,2.5293736501079915,10,IMDB,A6_margin_l050,margin_adaptive_wmc,0.5,6
0.42012507106310404,0.3026399441600298,2.8912854194641113,2.5293736501079915,10,IMDB,A6_margin_l050,margin_adaptive_wmc,0.5,7
0.4482660602615122,0.3612331363655102,2.6156105995178223,2.5293736501079915,10,IMDB,A6_margin_l050,margin_adaptive_wmc,0.5,8
0.450255827174531,0.3736956379624675,2.5316600799560547,2.5293736501079915,10,IMDB,A6_margin_l050,margin_adaptive_wmc,0.5,9
0.44549763033175355,0.3054926726723912,2.8052093982696533,2.7323974082073432,10,IMDB,A7_margin_l075,margin_adaptive_wmc,0.75,0
0.43496577145866244,0.37006345997211054,2.761190414428711,2.7323974082073432,10,IMDB,A7_margin_l075,margin_adaptive_wmc,0.75,1
0.4483938915218536,0.32531501773390353,2.801539897918701,2.7323974082073432,10,IMDB,A7_margin_l075,margin_adaptive_wmc,0.75,2
0.4444444444444444,0.36961139771105184,2.643927574157715,2.7323974082073432,10,IMDB,A7_margin_l075,margin_adaptive_wmc,0.75,3
0.45129015271195366,0.37505095625177004,2.808725595474243,2.7323974082073432,10,IMDB,A7_margin_l075,margin_adaptive_wmc,0.75,4
0.44681411269088994,0.3573848910819929,2.665895462036133,2.7323974082073432,10,IMDB,A7_margin_l075,margin_adaptive_wmc,0.75,5
0.44944707740916273,0.3360695352922673,2.645366668701172,2.7323974082073432,10,IMDB,A7_margin_l075,margin_adaptive_wmc,0.75,6
0.43865192206424436,0.35427796628590535,2.7075064182281494,2.7323974082073432,10,IMDB,A7_margin_l075,margin_adaptive_wmc,0.75,7
0.4536598209583992,0.38374594215671065,2.8648204803466797,2.7323974082073432,10,IMDB,A7_margin_l075,margin_adaptive_wmc,0.75,8
0.45945234333859925,0.37942160948001813,2.6688785552978516,2.7323974082073432,10,IMDB,A7_margin_l075,margin_adaptive_wmc,0.75,9
0.4411942098914355,0.3295589308892793,2.561223268508911,2.384233261339093,10,IMDB,A8_hybrid_l025,hybrid_adaptive_wmc,0.25,0
0.4279252110977081,0.3222108320185905,2.765636444091797,2.384233261339093,10,IMDB,A8_hybrid_l025,hybrid_adaptive_wmc,0.25,1
0.4369722557297949,0.2985784629358631,2.4833030700683594,2.384233261339093,10,IMDB,A8_hybrid_l025,hybrid_adaptive_wmc,0.25,2
0.4466224366706876,0.3467549573569528,2.6037347316741943,2.384233261339093,10,IMDB,A8_hybrid_l025,hybrid_adaptive_wmc,0.25,3
0.43486127864897467,0.3530167117290713,2.5192809104919434,2.384233261339093,10,IMDB,A8_hybrid_l025,hybrid_adaptive_wmc,0.25,4
0.4291314837153197,0.3423954470098406,2.7254250049591064,2.384233261339093,10,IMDB,A8_hybrid_l025,hybrid_adaptive_wmc,0.25,5
0.4264173703256936,0.30538154396180955,2.6387243270874023,2.384233261339093,10,IMDB,A8_hybrid_l025,hybrid_adaptive_wmc,0.25,6
0.4312424607961399,0.35434504633372155,2.485011577606201,2.384233261339093,10,IMDB,A8_hybrid_l025,hybrid_adaptive_wmc,0.25,7
0.413751507840772,0.3749899401913328,2.469757556915283,2.384233261339093,10,IMDB,A8_hybrid_l025,hybrid_adaptive_wmc,0.25,8
0.44028950542822676,0.3780818951106074,2.718162775039673,2.384233261339093,10,IMDB,A8_hybrid_l025,hybrid_adaptive_wmc,0.25,9
0.44453688297282307,0.2988297276463484,2.5667481422424316,2.5924406047516197,10,IMDB,A9_hybrid_l050,hybrid_adaptive_wmc,0.5,0
0.41846921797004993,0.3423787319236847,2.68757700920105,2.5924406047516197,10,IMDB,A9_hybrid_l050,hybrid_adaptive_wmc,0.5,1
0.43261231281198004,0.2863279832367196,2.6657721996307373,2.5924406047516197,10,IMDB,A9_hybrid_l050,hybrid_adaptive_wmc,0.5,2
0.4364947310038824,0.3416167508267382,2.8099894523620605,2.5924406047516197,10,IMDB,A9_hybrid_l050,hybrid_adaptive_wmc,0.5,3
0.43067110371602885,0.34011222062953317,2.5746254920959473,2.5924406047516197,10,IMDB,A9_hybrid_l050,hybrid_adaptive_wmc,0.5,4
0.4190238491403217,0.3153585330490267,2.6989736557006836,2.5924406047516197,10,IMDB,A9_hybrid_l050,hybrid_adaptive_wmc,0.5,5
0.46256239600665555,0.3660117620650965,2.6325907707214355,2.5924406047516197,10,IMDB,A9_hybrid_l050,hybrid_adaptive_wmc,0.5,6
0.43982251802551303,0.3537722368644282,2.8818953037261963,2.5924406047516197,10,IMDB,A9_hybrid_l050,hybrid_adaptive_wmc,0.5,7
0.4425956738768719,0.35085115488212393,2.8232550621032715,2.5924406047516197,10,IMDB,A9_hybrid_l050,hybrid_adaptive_wmc,0.5,8
0.4301164725457571,0.35400299115946743,2.9894728660583496,2.5924406047516197,10,IMDB,A9_hybrid_l050,hybrid_adaptive_wmc,0.5,9
0.43356112376613515,0.29035736050247885,2.899358034133911,2.8406047516198702,10,IMDB,A10_hybrid_l075,hybrid_adaptive_wmc,0.75,0
0.45532776512275375,0.3500527951461142,2.834045648574829,2.8406047516198702,10,IMDB,A10_hybrid_l075,hybrid_adaptive_wmc,0.75,1
0.44469754492533536,0.33595113188246045,2.6984901428222656,2.8406047516198702,10,IMDB,A10_hybrid_l075,hybrid_adaptive_wmc,0.75,2
0.4601366742596811,0.35645937807597894,2.966066360473633,2.8406047516198702,10,IMDB,A10_hybrid_l075,hybrid_adaptive_wmc,0.75,3
0.4581118704125538,0.33110485073646123,2.9769158363342285,2.8406047516198702,10,IMDB,A10_hybrid_l075,hybrid_adaptive_wmc,0.75,4
0.4543153631991901,0.3405306106714188,2.661468505859375,2.8406047516198702,10,IMDB,A10_hybrid_l075,hybrid_adaptive_wmc,0.75,5
0.4338142242470261,0.3236197432263014,2.8051886558532715,2.8406047516198702,10,IMDB,A10_hybrid_l075,hybrid_adaptive_wmc,0.75,6
0.4378638319412807,0.34390400563702134,2.966264009475708,2.8406047516198702,10,IMDB,A10_hybrid_l075,hybrid_adaptive_wmc,0.75,7
0.44317894203998986,0.3815494890963352,2.7085607051849365,2.8406047516198702,10,IMDB,A10_hybrid_l075,hybrid_adaptive_wmc,0.75,8
0.45709946848899013,0.3687026704091892,2.8990302085876465,2.8406047516198702,10,IMDB,A10_hybrid_l075,hybrid_adaptive_wmc,0.75,9
