f1_micro,f1_macro,runtime,dataset,method,seed,overlap_ratio,num_clusters
0.8597785977859779,0.848353307772167,3.27911639213562,Cora,GCN,0,,
0.8585485854858549,0.8511548502581828,1.6595594882965088,Cora,GraphSAGE,0,,
0.8536285362853628,0.8448860872494431,3.674135684967041,Cora,GAT,0,,
0.7102689486552567,0.6725057208985966,2.2657437324523926,Cora,RandomPartition,0,1.0,14.0
0.8634686346863468,0.8554301502373248,2.2775626182556152,Cora,GCN,1,,
0.8536285362853628,0.852158668069363,1.2723393440246582,Cora,GraphSAGE,1,,
0.8597785977859779,0.8543203113858097,3.802790641784668,Cora,GAT,1,,
0.7032967032967034,0.669889450488108,1.6704416275024414,Cora,RandomPartition,1,1.0,14.0
0.8806888068880688,0.8734039322687407,2.1380112171173096,Cora,GCN,2,,
0.8819188191881919,0.8705479713944932,1.9140968322753906,Cora,GraphSAGE,2,,
0.8794587945879458,0.8710432334533564,3.6525793075561523,Cora,GAT,2,,
0.7378048780487805,0.707987292372687,2.1201822757720947,Cora,RandomPartition,2,1.0,14.0
0.8610086100861009,0.8501711695917002,2.2576019763946533,Cora,GCN,3,,
0.8511685116851169,0.8387677186369162,1.59928297996521,Cora,GraphSAGE,3,,
0.8659286592865929,0.8521588391937087,3.7990503311157227,Cora,GAT,3,,
0.7286063569682152,0.6939766883112858,2.30371356010437,Cora,RandomPartition,3,1.0,14.0
0.8610086100861009,0.849904144241223,2.400731325149536,Cora,GCN,4,,
0.8573185731857319,0.8447365706301868,1.5274631977081299,Cora,GraphSAGE,4,,
0.8560885608856088,0.8476130086389626,3.794074296951294,Cora,GAT,4,,
0.7313797313797313,0.7141491097925087,1.9512925148010254,Cora,RandomPartition,4,1.0,14.0
0.8769987699876999,0.8631183460686348,2.47581148147583,Cora,GCN,5,,
0.8733087330873309,0.8629064647913243,1.648451805114746,Cora,GraphSAGE,5,,
0.8757687576875769,0.8629075836441249,3.9690630435943604,Cora,GAT,5,,
0.7127139364303179,0.7017049925121371,2.0407626628875732,Cora,RandomPartition,5,1.0,14.0
0.8425584255842559,0.8274691740884806,2.2656729221343994,Cora,GCN,6,,
0.8388683886838868,0.8255145344826991,1.7293479442596436,Cora,GraphSAGE,6,,
0.8511685116851169,0.8344806309919394,3.643139600753784,Cora,GAT,6,,
0.7304878048780488,0.7109821794518919,2.2160491943359375,Cora,RandomPartition,6,1.0,14.0
0.8868388683886839,0.8805614878401764,2.2012953758239746,Cora,GCN,7,,
0.8757687576875769,0.8661076677374397,1.4200012683868408,Cora,GraphSAGE,7,,
0.8831488314883149,0.8755529229446202,3.660804033279419,Cora,GAT,7,,
0.7097560975609756,0.676453540930234,1.9411015510559082,Cora,RandomPartition,7,1.0,14.0
0.8536285362853628,0.8455617119944294,2.3356122970581055,Cora,GCN,8,,
0.8585485854858549,0.8473817547023852,1.6095178127288818,Cora,GraphSAGE,8,,
0.8585485854858549,0.8500420217164792,3.760368824005127,Cora,GAT,8,,
0.7188264058679706,0.6885097842131863,2.862673759460449,Cora,RandomPartition,8,1.0,14.0
0.8671586715867159,0.8591244061301069,2.1416096687316895,Cora,GCN,9,,
0.8523985239852399,0.8446838219821825,1.678922176361084,Cora,GraphSAGE,9,,
0.8548585485854858,0.844130240135329,4.736250400543213,Cora,GAT,9,,
0.7667887667887668,0.7157110131609654,2.0078818798065186,Cora,RandomPartition,9,1.0,14.0
0.8696186961869619,0.8542712008325479,2.0490164756774902,Cora,GCN,10,,
0.8757687576875769,0.8597398988218578,1.524613618850708,Cora,GraphSAGE,10,,
0.8733087330873309,0.8584631998548711,3.684600830078125,Cora,GAT,10,,
0.7435897435897436,0.7169902493050344,2.5967423915863037,Cora,RandomPartition,10,1.0,14.0
0.8659286592865929,0.8575221638838526,2.1626453399658203,Cora,GCN,11,,
0.8523985239852399,0.8467046704232067,1.5691533088684082,Cora,GraphSAGE,11,,
0.8646986469864698,0.8573559431300437,3.775449275970459,Cora,GAT,11,,
0.7203907203907204,0.6909586844066171,1.8250792026519775,Cora,RandomPartition,11,1.0,14.0
0.8683886838868389,0.8540277407481696,2.1353657245635986,Cora,GCN,12,,
0.8622386223862238,0.8460165971874319,1.1823668479919434,Cora,GraphSAGE,12,,
0.8683886838868389,0.8540634321443431,3.5859375,Cora,GAT,12,,
0.7359413202933985,0.7066771760619275,1.630030870437622,Cora,RandomPartition,12,1.0,14.0
0.8573185731857319,0.8445145425500454,2.1902453899383545,Cora,GCN,13,,
0.8474784747847478,0.8366408759935958,1.4737529754638672,Cora,GraphSAGE,13,,
0.8487084870848709,0.8402077864142711,3.8923847675323486,Cora,GAT,13,,
0.7228327228327228,0.6935099399991808,1.8482956886291504,Cora,RandomPartition,13,1.0,14.0
0.8622386223862238,0.8534363886571493,2.195730447769165,Cora,GCN,14,,
0.8622386223862238,0.8505260547038397,1.818793773651123,Cora,GraphSAGE,14,,
0.8708487084870848,0.8603215060063373,3.91567325592041,Cora,GAT,14,,
0.7518337408312958,0.7219635068669941,2.0424957275390625,Cora,RandomPartition,14,1.0,14.0
0.8733087330873309,0.86436610517318,5.16098165512085,Cora,GCN,15,,
0.8634686346863468,0.8523802875821571,6.181036949157715,Cora,GraphSAGE,15,,
0.8745387453874539,0.8655932804007932,7.650994539260864,Cora,GAT,15,,
0.7329268292682927,0.6988412265378294,5.101785898208618,Cora,RandomPartition,15,1.0,14.0
0.8708487084870848,0.8576816337878357,3.6415035724639893,Cora,GCN,16,,
0.8622386223862238,0.8477047589340607,1.9113028049468994,Cora,GraphSAGE,16,,
0.8819188191881919,0.8688680589067176,4.959843397140503,Cora,GAT,16,,
0.7457212713936431,0.7299941194971343,5.5357606410980225,Cora,RandomPartition,16,1.0,14.0
0.8560885608856088,0.8538552705584846,7.38352108001709,Cora,GCN,17,,
0.8536285362853628,0.8506450823274292,2.8016889095306396,Cora,GraphSAGE,17,,
0.8536285362853628,0.8502110833449203,4.444862127304077,Cora,GAT,17,,
0.726161369193154,0.7016307118942977,2.1162357330322266,Cora,RandomPartition,17,1.0,14.0
0.8634686346863468,0.8511556405929169,2.2824971675872803,Cora,GCN,18,,
0.8622386223862238,0.8543353853377892,1.7885339260101318,Cora,GraphSAGE,18,,
0.8634686346863468,0.8509305450492056,3.937934398651123,Cora,GAT,18,,
0.7432762836185819,0.7069678664835574,2.1769518852233887,Cora,RandomPartition,18,1.0,14.0
0.8819188191881919,0.8729679747080655,2.3568296432495117,Cora,GCN,19,,
0.8806888068880688,0.8724545867850972,1.6044433116912842,Cora,GraphSAGE,19,,
0.8634686346863468,0.8550770359363106,3.931065320968628,Cora,GAT,19,,
0.7277167277167277,0.7010131814690264,2.3423643112182617,Cora,RandomPartition,19,1.0,14.0
0.7317317317317318,0.6951405429093058,2.2738912105560303,CiteSeer,GCN,0,,
0.7407407407407407,0.7049981169347853,2.2945172786712646,CiteSeer,GraphSAGE,0,,
0.7347347347347347,0.7051003333192628,3.881049633026123,CiteSeer,GAT,0,,
0.6949152542372882,0.6667188807579607,2.091423749923706,CiteSeer,RandomPartition,0,1.0,12.0
0.7447447447447447,0.706922188011963,2.384122610092163,CiteSeer,GCN,1,,
0.7407407407407407,0.700940568871197,2.078913927078247,CiteSeer,GraphSAGE,1,,
0.7457457457457457,0.7071360241095587,3.9386301040649414,CiteSeer,GAT,1,,
0.6909272183449651,0.6636043636264235,1.9372310638427734,CiteSeer,RandomPartition,1,1.0,12.0
0.7287287287287287,0.7026384338664018,2.2730658054351807,CiteSeer,GCN,2,,
0.7347347347347347,0.7032828463323991,1.8870618343353271,CiteSeer,GraphSAGE,2,,
0.7227227227227228,0.6852045632320833,3.9089407920837402,CiteSeer,GAT,2,,
0.7081673306772909,0.6629853753500337,1.9863979816436768,CiteSeer,RandomPartition,2,1.0,12.0
0.7057057057057057,0.6754367811571559,2.3330070972442627,CiteSeer,GCN,3,,
0.7007007007007007,0.6645366327638531,1.8383264541625977,CiteSeer,GraphSAGE,3,,
0.7217217217217218,0.683400592627875,4.029739856719971,CiteSeer,GAT,3,,
0.6999002991026919,0.6677796232723209,1.858980417251587,CiteSeer,RandomPartition,3,1.0,12.0
0.7247247247247247,0.6912260210705133,2.4566471576690674,CiteSeer,GCN,4,,
0.7267267267267268,0.6955198612241595,1.8706166744232178,CiteSeer,GraphSAGE,4,,
0.7307307307307307,0.6992256477704113,3.764193058013916,CiteSeer,GAT,4,,
0.720558882235529,0.6780615621175787,2.050654172897339,CiteSeer,RandomPartition,4,1.0,12.0
0.7277277277277278,0.6910010992625936,2.1265175342559814,CiteSeer,GCN,5,,
0.7237237237237237,0.6852905254126189,1.4841079711914062,CiteSeer,GraphSAGE,5,,
0.7237237237237237,0.6900456468327957,3.428506851196289,CiteSeer,GAT,5,,
0.6533864541832669,0.630920672833752,1.3929150104522705,CiteSeer,RandomPartition,5,1.0,12.0
0.7217217217217218,0.6826795777945419,2.2124812602996826,CiteSeer,GCN,6,,
0.7277277277277278,0.6889038278095598,1.5124266147613525,CiteSeer,GraphSAGE,6,,
0.7167167167167167,0.6813884800487467,3.5579090118408203,CiteSeer,GAT,6,,
0.6885572139303483,0.6511814362267395,1.3858146667480469,CiteSeer,RandomPartition,6,1.0,12.0
0.7447447447447447,0.7100789651692606,1.9492473602294922,CiteSeer,GCN,7,,
0.7247247247247247,0.6895041936196113,1.3834161758422852,CiteSeer,GraphSAGE,7,,
0.7287287287287287,0.6994764877898244,3.2655835151672363,CiteSeer,GAT,7,,
0.7064676616915423,0.6750428154476052,1.208855390548706,CiteSeer,RandomPartition,7,1.0,12.0
0.7197197197197197,0.6837793182184019,1.7734243869781494,CiteSeer,GCN,8,,
0.7057057057057057,0.6651131109716845,1.2737555503845215,CiteSeer,GraphSAGE,8,,
0.7167167167167167,0.6760226164870646,3.1540143489837646,CiteSeer,GAT,8,,
0.7221115537848606,0.6866972254242838,1.2447335720062256,CiteSeer,RandomPartition,8,1.0,12.0
0.7207207207207207,0.6944175185637326,1.7317006587982178,CiteSeer,GCN,9,,
0.7127127127127127,0.6830452917444836,1.2513647079467773,CiteSeer,GraphSAGE,9,,
0.7157157157157157,0.681426093283374,2.988271951675415,CiteSeer,GAT,9,,
0.7064676616915423,0.6757595362911655,1.2138824462890625,CiteSeer,RandomPartition,9,1.0,12.0
0.7447447447447447,0.7146443206399149,1.8054347038269043,CiteSeer,GCN,10,,
0.7307307307307307,0.7030683913967999,1.2834420204162598,CiteSeer,GraphSAGE,10,,
0.7377377377377378,0.7055843658932526,2.957291841506958,CiteSeer,GAT,10,,
0.6673306772908366,0.6376171101200808,1.2216763496398926,CiteSeer,RandomPartition,10,1.0,12.0
0.7507507507507507,0.7183159010544061,1.7272286415100098,CiteSeer,GCN,11,,
0.7387387387387387,0.7046722299545091,1.2617816925048828,CiteSeer,GraphSAGE,11,,
0.7367367367367368,0.7017900503636719,2.9137070178985596,CiteSeer,GAT,11,,
0.690547263681592,0.6586294751935697,1.2512786388397217,CiteSeer,RandomPartition,11,1.0,12.0
0.7257257257257257,0.6884489378553457,2.020631790161133,CiteSeer,GCN,12,,
0.7297297297297297,0.6988358681834503,1.328754186630249,CiteSeer,GraphSAGE,12,,
0.7237237237237237,0.6922724021670869,3.255319833755493,CiteSeer,GAT,12,,
0.6979062811565304,0.6712837025427599,1.211122989654541,CiteSeer,RandomPartition,12,1.0,12.0
0.7347347347347347,0.6945771706968488,1.9114081859588623,CiteSeer,GCN,13,,
0.7437437437437437,0.7102514716754892,1.463771104812622,CiteSeer,GraphSAGE,13,,
0.7437437437437437,0.7030805799444798,3.1830198764801025,CiteSeer,GAT,13,,
0.6842629482071713,0.6456974817416546,1.2509336471557617,CiteSeer,RandomPartition,13,1.0,12.0
0.7147147147147147,0.6839208784263597,1.9381434917449951,CiteSeer,GCN,14,,
0.7007007007007007,0.6658021524578771,1.3631055355072021,CiteSeer,GraphSAGE,14,,
0.7067067067067067,0.6762143689389107,3.281181812286377,CiteSeer,GAT,14,,
0.7062937062937062,0.6861077484032294,1.4479525089263916,CiteSeer,RandomPartition,14,1.0,12.0
0.7157157157157157,0.6934385139926773,2.084484815597534,CiteSeer,GCN,15,,
0.7167167167167167,0.6951132893498034,1.3815252780914307,CiteSeer,GraphSAGE,15,,
0.7177177177177178,0.6921233346898,3.928858995437622,CiteSeer,GAT,15,,
0.701195219123506,0.6676096052861542,1.3744544982910156,CiteSeer,RandomPartition,15,1.0,12.0
0.7067067067067067,0.6737646313790996,2.041734218597412,CiteSeer,GCN,16,,
0.7117117117117117,0.6767670539220195,1.6028833389282227,CiteSeer,GraphSAGE,16,,
0.7207207207207207,0.6894389456509341,4.23111367225647,CiteSeer,GAT,16,,
0.6889332003988036,0.6650003107362207,1.4041426181793213,CiteSeer,RandomPartition,16,1.0,12.0
0.7387387387387387,0.6998140105362337,2.3845345973968506,CiteSeer,GCN,17,,
0.7207207207207207,0.6835000971228599,1.5725879669189453,CiteSeer,GraphSAGE,17,,
0.7407407407407407,0.7001582258596678,3.882943630218506,CiteSeer,GAT,17,,
0.7048853439680958,0.6706926227012646,1.4991843700408936,CiteSeer,RandomPartition,17,1.0,12.0
0.7267267267267268,0.6963978522361142,1.9302856922149658,CiteSeer,GCN,18,,
0.7267267267267268,0.699511166760054,2.376347303390503,CiteSeer,GraphSAGE,18,,
0.7277277277277278,0.6975934377809346,4.10257887840271,CiteSeer,GAT,18,,
0.6922310756972112,0.6603894213582776,1.5684051513671875,CiteSeer,RandomPartition,18,1.0,12.0
0.7157157157157157,0.6832129853753388,2.170786142349243,CiteSeer,GCN,19,,
0.7107107107107107,0.6655972776663622,1.357428789138794,CiteSeer,GraphSAGE,19,,
0.7207207207207207,0.6856810129658918,3.074655532836914,CiteSeer,GAT,19,,
0.7161354581673307,0.6857475720879519,1.2989490032196045,CiteSeer,RandomPartition,19,1.0,12.0
0.8661257606490872,0.8607369769061423,1.8000965118408203,PubMed,GCN,0,,
0.8837052062204191,0.8822359814905766,1.2917027473449707,PubMed,GraphSAGE,0,,
0.8593644354293442,0.8523915526440761,3.046435594558716,PubMed,GAT,0,,
0.8545116593443731,0.8521372223963614,1.242595911026001,PubMed,RandomPartition,0,1.0,6.0
0.8674780256930358,0.860631232697313,1.722100019454956,PubMed,GCN,1,,
0.8793103448275862,0.8764778193409537,1.1790318489074707,PubMed,GraphSAGE,1,,
0.8554766734279919,0.8473862275435277,2.993457555770874,PubMed,GAT,1,,
0.855863467387631,0.8506899571746711,1.2229597568511963,PubMed,RandomPartition,1,1.0,6.0
0.8669709263015551,0.8605498122392444,1.7019364833831787,PubMed,GCN,2,,
0.8808316430020284,0.8774285262803435,1.2260844707489014,PubMed,GraphSAGE,2,,
0.8571670047329276,0.8501078505733642,3.062265634536743,PubMed,GAT,2,,
0.8579151883764149,0.8563614207171387,1.0483484268188477,PubMed,RandomPartition,2,1.0,6.0
0.8725490196078431,0.8650223418517538,1.763333797454834,PubMed,GCN,3,,
0.8833671399594321,0.8790686716279752,1.2175400257110596,PubMed,GraphSAGE,3,,
0.8575050709939148,0.8489439545995102,3.0346274375915527,PubMed,GAT,3,,
0.8504562352145996,0.8467973506458807,1.0922987461090088,PubMed,RandomPartition,3,1.0,6.0
0.8612237998647735,0.8570845760284392,1.7600321769714355,PubMed,GCN,4,,
0.8884381338742393,0.8861340251787584,1.2118628025054932,PubMed,GraphSAGE,4,,
0.8571670047329276,0.8521867291465223,3.0303547382354736,PubMed,GAT,4,,
0.8523149712740791,0.8502886941951756,1.0747840404510498,PubMed,RandomPartition,4,1.0,6.0
0.8629141311697093,0.8560440165171928,1.7248551845550537,PubMed,GCN,5,,
0.8798174442190669,0.8756473559608019,1.2762150764465332,PubMed,GraphSAGE,5,,
0.8519269776876268,0.8438669821482825,3.126873254776001,PubMed,GAT,5,,
0.850118283203785,0.8472638331195084,1.0894110202789307,PubMed,RandomPartition,5,1.0,6.0
0.8598715348208249,0.8531720327161437,1.7528748512268066,PubMed,GCN,6,,
0.8818458417849898,0.8786626918220444,1.205965280532837,PubMed,GraphSAGE,6,,
0.8524340770791075,0.8448665508484318,3.011744976043701,PubMed,GAT,6,,
0.8551630894034139,0.8534852223677539,1.0751707553863525,PubMed,RandomPartition,6,1.0,6.0
0.8630831643002028,0.8571797578484802,1.75032377243042,PubMed,GCN,7,,
0.8879310344827587,0.8858090243783248,1.1806817054748535,PubMed,GraphSAGE,7,,
0.8573360378634213,0.8503996860796897,3.0831189155578613,PubMed,GAT,7,,
0.8430212909766813,0.8401787997347036,1.0792624950408936,PubMed,RandomPartition,7,1.0,6.0
0.8556457065584855,0.8462394105831397,1.7448639869689941,PubMed,GCN,8,,
0.8730561189993239,0.8684883042517492,1.2670226097106934,PubMed,GraphSAGE,8,,
0.8449966193373901,0.8351268935587264,3.090508460998535,PubMed,GAT,8,,
0.8546560757140442,0.851502590161727,1.1308894157409668,PubMed,RandomPartition,8,1.0,6.0
0.8593644354293442,0.8543039556987968,1.6988177299499512,PubMed,GCN,9,,
0.8857336037863421,0.8831586667743087,1.2067224979400635,PubMed,GraphSAGE,9,,
0.8529411764705882,0.8454232811209833,3.1198015213012695,PubMed,GAT,9,,
0.850794187225414,0.8496645531817059,1.3183872699737549,PubMed,RandomPartition,9,1.0,6.0
0.8651115618661258,0.8585165557291141,1.9701943397521973,PubMed,GCN,10,,
0.8804935767410412,0.8768040338121953,1.2327206134796143,PubMed,GraphSAGE,10,,
0.8507437457741718,0.8421397488867206,3.1926167011260986,PubMed,GAT,10,,
0.8448800270361608,0.8443133350316597,1.1678273677825928,PubMed,RandomPartition,10,1.0,6.0
0.8644354293441514,0.8573301393501355,1.7632768154144287,PubMed,GCN,11,,
0.8831981068289385,0.8807814225569034,1.219341516494751,PubMed,GraphSAGE,11,,
0.8571670047329276,0.8489744157471693,3.6319689750671387,PubMed,GAT,11,,
0.8518080432578574,0.8490002233065036,1.1710624694824219,PubMed,RandomPartition,11,1.0,6.0
0.868999323867478,0.8617989501580193,1.703129768371582,PubMed,GCN,12,,
0.8848884381338742,0.8803713682140729,1.2517681121826172,PubMed,GraphSAGE,12,,
0.8571670047329276,0.8479771859321721,3.100835084915161,PubMed,GAT,12,,
0.858060155457925,0.8555243798562874,1.048327922821045,PubMed,RandomPartition,12,1.0,6.0
0.8669709263015551,0.8585416662012381,1.7539887428283691,PubMed,GCN,13,,
0.8842123056118999,0.8798414419031845,1.218616247177124,PubMed,GraphSAGE,13,,
0.8514198782961461,0.8432059313926056,3.3898870944976807,PubMed,GAT,13,,
0.8514700912470429,0.8485059003787133,1.0457472801208496,PubMed,RandomPartition,13,1.0,6.0
0.8620689655172413,0.8558932209794868,1.7602388858795166,PubMed,GCN,14,,
0.8869168356997972,0.8840276186011904,1.2624175548553467,PubMed,GraphSAGE,14,,
0.855814739688979,0.8492547705954898,4.22520899772644,PubMed,GAT,14,,
0.8555010985296603,0.8523907574619626,1.2004053592681885,PubMed,RandomPartition,14,1.0,6.0
0.8651115618661258,0.8597062789358375,1.8879644870758057,PubMed,GCN,15,,
0.8879310344827587,0.8850711017903649,1.43609619140625,PubMed,GraphSAGE,15,,
0.8539553752535497,0.8469072572165143,3.0181050300598145,PubMed,GAT,15,,
0.8516390672524502,0.8489599873482212,1.1062705516815186,PubMed,RandomPartition,15,1.0,6.0
0.8666328600405679,0.8594974409400225,1.7333648204803467,PubMed,GCN,16,,
0.8813387423935092,0.8774627398521749,1.2132346630096436,PubMed,GraphSAGE,16,,
0.8468559837728195,0.8391463438187748,3.1644721031188965,PubMed,GAT,16,,
0.8487664751605272,0.8451120646573272,1.3554649353027344,PubMed,RandomPartition,16,1.0,6.0
0.8703515889114266,0.8656152949428323,1.7790579795837402,PubMed,GCN,17,,
0.881000676132522,0.879781376399975,1.3080742359161377,PubMed,GraphSAGE,17,,
0.8603786342123056,0.8552305194122617,3.0564613342285156,PubMed,GAT,17,,
0.8492734031767489,0.8473483386775621,1.0712594985961914,PubMed,RandomPartition,17,1.0,6.0
0.8696754563894523,0.8635041072894792,1.9445369243621826,PubMed,GCN,18,,
0.8826910074374578,0.8794559835482989,1.2174103260040283,PubMed,GraphSAGE,18,,
0.859026369168357,0.8521315836524804,3.101531744003296,PubMed,GAT,18,,
0.8543672917722588,0.8523578700820448,1.0551667213439941,PubMed,RandomPartition,18,1.0,6.0
0.8642663962136579,0.8585076998333928,1.7096984386444092,PubMed,GCN,19,,
0.8840432724814064,0.8807562708030733,1.274519920349121,PubMed,GraphSAGE,19,,
0.8549695740365112,0.8471967459750745,3.213690757751465,PubMed,GAT,19,,
0.855187563366002,0.8526260298240725,1.1920228004455566,PubMed,RandomPartition,19,1.0,6.0
0.926657263751763,0.9265808924895778,1.6978724002838135,ACM,GCN,0,,
0.918194640338505,0.9169727744165946,1.2489607334136963,ACM,GraphSAGE,0,,
0.923836389280677,0.92296279631992,3.593108892440796,ACM,GAT,0,,
0.8665730337078652,0.8669803604548626,0.7199201583862305,ACM,RandomPartition,0,1.0,6.0
0.9083215796897038,0.9090214626106276,1.6796538829803467,ACM,GCN,1,,
0.9111424541607899,0.9115709624439466,1.2739758491516113,ACM,GraphSAGE,1,,
0.9111424541607899,0.9109487964913138,3.1661860942840576,ACM,GAT,1,,
0.8876404494382022,0.8843947415287333,0.6848907470703125,ACM,RandomPartition,1,1.0,6.0
0.9139633286318759,0.9135560367484867,1.7188515663146973,ACM,GCN,2,,
0.9280677009873061,0.9269791460405354,1.3712313175201416,ACM,GraphSAGE,2,,
0.9294781382228491,0.9286144211901476,3.14369535446167,ACM,GAT,2,,
0.8848314606741573,0.8818585490908587,0.6640810966491699,ACM,RandomPartition,2,1.0,6.0
0.9111424541607899,0.9108366419579234,1.9474396705627441,ACM,GCN,3,,
0.9097320169252469,0.9081836667139548,1.3574681282043457,ACM,GraphSAGE,3,,
0.918194640338505,0.9165435402442447,3.14988374710083,ACM,GAT,3,,
0.8721910112359551,0.874142060673735,0.6710610389709473,ACM,RandomPartition,3,1.0,6.0
0.9153737658674189,0.9162346175620512,1.7210650444030762,ACM,GCN,4,,
0.9153737658674189,0.9159565008382525,1.3717982769012451,ACM,GraphSAGE,4,,
0.921015514809591,0.9213670356860727,3.221219539642334,ACM,GAT,4,,
0.8649789029535865,0.864003817507025,0.671501636505127,ACM,RandomPartition,4,1.0,6.0
0.9083215796897038,0.9083418433644347,1.9610567092895508,ACM,GCN,5,,
0.9167842031029619,0.9166062658774604,1.343921422958374,ACM,GraphSAGE,5,,
0.9083215796897038,0.9081330996127241,3.137500524520874,ACM,GAT,5,,
0.8874824191279888,0.8875314039248465,0.7407748699188232,ACM,RandomPartition,5,1.0,6.0
0.9069111424541608,0.9071108759276263,1.7052571773529053,ACM,GCN,6,,
0.9097320169252469,0.9098141058452205,1.5483365058898926,ACM,GraphSAGE,6,,
0.9040902679830748,0.9041846171660013,3.193601369857788,ACM,GAT,6,,
0.8932584269662921,0.8927771356388705,0.6479790210723877,ACM,RandomPartition,6,1.0,6.0
0.92524682651622,0.9265362081885686,1.7582855224609375,ACM,GCN,7,,
0.9294781382228491,0.9305128091138671,1.310293436050415,ACM,GraphSAGE,7,,
0.922425952045134,0.9236966794523264,3.0906763076782227,ACM,GAT,7,,
0.8804500703234881,0.8844347817334501,0.6785295009613037,ACM,RandomPartition,7,1.0,6.0
0.92524682651622,0.9263812684865317,1.6740221977233887,ACM,GCN,8,,
0.921015514809591,0.9222781811364488,1.3546323776245117,ACM,GraphSAGE,8,,
0.9351198871650211,0.9355298697650151,3.087275981903076,ACM,GAT,8,,
0.8846694796061885,0.8854487718218009,0.6484675407409668,ACM,RandomPartition,8,1.0,6.0
0.9407616361071932,0.9418030456702441,1.7375264167785645,ACM,GCN,9,,
0.9294781382228491,0.9309076314891738,1.4949264526367188,ACM,GraphSAGE,9,,
0.9294781382228491,0.9305020691311258,3.613891124725342,ACM,GAT,9,,
0.90014064697609,0.8994795643045911,0.7258057594299316,ACM,RandomPartition,9,1.0,6.0
0.9337094499294781,0.9341432284279421,1.9429292678833008,ACM,GCN,10,,
0.9294781382228491,0.9302229649709077,1.3384013175964355,ACM,GraphSAGE,10,,
0.9280677009873061,0.929284161010019,3.1033315658569336,ACM,GAT,10,,
0.8663853727144867,0.8668538647342995,0.6973905563354492,ACM,RandomPartition,10,1.0,6.0
0.9111424541607899,0.9123606552177982,1.7074785232543945,ACM,GCN,11,,
0.918194640338505,0.9193020641750769,1.311143159866333,ACM,GraphSAGE,11,,
0.92524682651622,0.9260224105038474,3.0686912536621094,ACM,GAT,11,,
0.8792134831460674,0.8776657700902768,0.6371262073516846,ACM,RandomPartition,11,1.0,6.0
0.9308885754583921,0.9301837525746444,1.8548471927642822,ACM,GCN,12,,
0.9322990126939351,0.9318305582213752,1.3978338241577148,ACM,GraphSAGE,12,,
0.9294781382228491,0.9285956119797018,3.207616090774536,ACM,GAT,12,,
0.8735955056179775,0.8752773141580397,0.677093505859375,ACM,RandomPartition,12,1.0,6.0
0.9280677009873061,0.9295558514608051,1.6722257137298584,ACM,GCN,13,,
0.926657263751763,0.92797284796482,1.441049575805664,ACM,GraphSAGE,13,,
0.9337094499294781,0.9346036226770172,3.1289772987365723,ACM,GAT,13,,
0.8579465541490858,0.8560296384203867,0.6659846305847168,ACM,RandomPartition,13,1.0,6.0
0.926657263751763,0.9272481219653964,1.7136578559875488,ACM,GCN,14,,
0.923836389280677,0.92557445698524,1.372389316558838,ACM,GraphSAGE,14,,
0.9111424541607899,0.914363380802484,3.2144978046417236,ACM,GAT,14,,
0.8695652173913043,0.8730746621127746,0.6750290393829346,ACM,RandomPartition,14,1.0,6.0
0.9153737658674189,0.9128731340864452,1.7033476829528809,ACM,GCN,15,,
0.9280677009873061,0.926217636291944,1.329576015472412,ACM,GraphSAGE,15,,
0.926657263751763,0.9241777110206354,3.1119773387908936,ACM,GAT,15,,
0.849507735583685,0.853056865560792,0.6451342105865479,ACM,RandomPartition,15,1.0,6.0
0.9167842031029619,0.9170870883251964,1.623988151550293,ACM,GCN,16,,
0.92524682651622,0.9251785012144502,1.3291242122650146,ACM,GraphSAGE,16,,
0.9139633286318759,0.9145185596153187,3.1413707733154297,ACM,GAT,16,,
0.8834269662921348,0.8815622417481288,0.6775054931640625,ACM,RandomPartition,16,1.0,6.0
0.92524682651622,0.9248640026334897,1.673034906387329,ACM,GCN,17,,
0.9280677009873061,0.9275170851583324,1.4881336688995361,ACM,GraphSAGE,17,,
0.922425952045134,0.9209962126471075,3.0859107971191406,ACM,GAT,17,,
0.869198312236287,0.8719340615577176,0.6195428371429443,ACM,RandomPartition,17,1.0,6.0
0.9322990126939351,0.9305122073960738,1.7538080215454102,ACM,GCN,18,,
0.9322990126939351,0.9312148205765226,1.4246439933776855,ACM,GraphSAGE,18,,
0.9449929478138223,0.9436522000809925,3.1572020053863525,ACM,GAT,18,,
0.8804500703234881,0.8793940542260014,0.6406853199005127,ACM,RandomPartition,18,1.0,6.0
0.919605077574048,0.9179538984690736,1.687103271484375,ACM,GCN,19,,
0.922425952045134,0.9208007522565677,1.311337947845459,ACM,GraphSAGE,19,,
0.9153737658674189,0.9134943318419436,3.3921947479248047,ACM,GAT,19,,
0.870604781997187,0.8651858927109043,0.6413168907165527,ACM,RandomPartition,19,1.0,6.0
0.8419023136246787,0.8365894129554428,1.696575403213501,DBLP,GCN,0,,
0.8354755784061697,0.8299875357253601,1.280585527420044,DBLP,GraphSAGE,0,,
0.8380462724935732,0.8314871917957002,2.9674386978149414,DBLP,GAT,0,,
0.8141025641025641,0.806647833663452,0.7852110862731934,DBLP,RandomPartition,0,1.0,8.0
0.8457583547557841,0.8421469447856147,1.7695398330688477,DBLP,GCN,1,,
0.8586118251928021,0.8560277023445211,1.3884491920471191,DBLP,GraphSAGE,1,,
0.8573264781491002,0.8537021132843674,3.0349526405334473,DBLP,GAT,1,,
0.8002560819462228,0.7912592861871812,0.8167986869812012,DBLP,RandomPartition,1,1.0,8.0
0.8470437017994858,0.843502401267662,1.6881606578826904,DBLP,GCN,2,,
0.8637532133676092,0.8620081594494071,1.281705617904663,DBLP,GraphSAGE,2,,
0.8393316195372751,0.8372810458372615,3.540395498275757,DBLP,GAT,2,,
0.8207426376440461,0.8169323941213977,1.2802708148956299,DBLP,RandomPartition,2,1.0,8.0
0.8213367609254498,0.8157823358531144,1.9094617366790771,DBLP,GCN,3,,
0.8329048843187661,0.8278027472525306,1.2919702529907227,DBLP,GraphSAGE,3,,
0.8290488431876607,0.824064997033709,3.037062406539917,DBLP,GAT,3,,
0.795134443021767,0.7916570017081526,0.7857136726379395,DBLP,RandomPartition,3,1.0,8.0
0.8534704370179949,0.8469605009113423,1.790276288986206,DBLP,GCN,4,,
0.8496143958868895,0.8406732860698833,1.270054817199707,DBLP,GraphSAGE,4,,
0.8457583547557841,0.8382162516558211,2.9907543659210205,DBLP,GAT,4,,
0.8371794871794872,0.8300467363730446,0.7838187217712402,DBLP,RandomPartition,4,1.0,8.0
0.87146529562982,0.8680535346702674,1.6105992794036865,DBLP,GCN,5,,
0.8701799485861182,0.8677245356831372,1.2970614433288574,DBLP,GraphSAGE,5,,
0.8611825192802056,0.8580810439538751,3.003316879272461,DBLP,GAT,5,,
0.7974358974358975,0.7892336509393971,0.8194468021392822,DBLP,RandomPartition,5,1.0,8.0
0.8521850899742931,0.8446429476753443,1.8129358291625977,DBLP,GCN,6,,
0.8431876606683805,0.8368442097514068,1.3598864078521729,DBLP,GraphSAGE,6,,
0.8393316195372751,0.8314503922608352,3.286672353744507,DBLP,GAT,6,,
0.7933247753530167,0.7849658612099626,0.8309404850006104,DBLP,RandomPartition,6,1.0,8.0
0.8598971722365039,0.8530237470577569,1.7307655811309814,DBLP,GCN,7,,
0.8637532133676092,0.8575611118947799,1.3035876750946045,DBLP,GraphSAGE,7,,
0.8611825192802056,0.854070218866548,3.6158339977264404,DBLP,GAT,7,,
0.7989756722151088,0.7890959274470326,0.8410999774932861,DBLP,RandomPartition,7,1.0,8.0
0.8457583547557841,0.8384659189952476,1.6733777523040771,DBLP,GCN,8,,
0.8598971722365039,0.8533570078291753,1.2676074504852295,DBLP,GraphSAGE,8,,
0.8508997429305912,0.8431951204168902,2.9856932163238525,DBLP,GAT,8,,
0.8040973111395646,0.7922047111357367,0.8041400909423828,DBLP,RandomPartition,8,1.0,8.0
0.8727506426735219,0.8688953847703931,1.6450152397155762,DBLP,GCN,9,,
0.87146529562982,0.8666538358042357,1.2592520713806152,DBLP,GraphSAGE,9,,
0.8457583547557841,0.8408437250122431,3.073989152908325,DBLP,GAT,9,,
0.8064102564102564,0.7941460282077248,0.785719633102417,DBLP,RandomPartition,9,1.0,8.0
0.8406169665809768,0.8320649905076187,1.7606463432312012,DBLP,GCN,10,,
0.8457583547557841,0.8373971322837698,1.3210561275482178,DBLP,GraphSAGE,10,,
0.8470437017994858,0.8387613445265905,3.0721726417541504,DBLP,GAT,10,,
0.8235294117647058,0.820497298613257,0.8115746974945068,DBLP,RandomPartition,10,1.0,8.0
0.8534704370179949,0.8455299375111519,1.709709882736206,DBLP,GCN,11,,
0.8547557840616966,0.8460461085022614,1.2920079231262207,DBLP,GraphSAGE,11,,
0.8431876606683805,0.8360435804380981,3.2392091751098633,DBLP,GAT,11,,
0.8132992327365729,0.8087631568563962,0.9328174591064453,DBLP,RandomPartition,11,1.0,8.0
0.8496143958868895,0.841302482361314,2.545041084289551,DBLP,GCN,12,,
0.8650385604113111,0.858848947119737,1.4585051536560059,DBLP,GraphSAGE,12,,
0.8470437017994858,0.8402876241533292,3.2802376747131348,DBLP,GAT,12,,
0.8015364916773368,0.7942308956068223,0.8804717063903809,DBLP,RandomPartition,12,1.0,8.0
0.8123393316195373,0.8097768055278889,1.8898451328277588,DBLP,GCN,13,,
0.8187660668380463,0.8144924623897747,1.3786101341247559,DBLP,GraphSAGE,13,,
0.8161953727506427,0.8119093546727232,3.7410919666290283,DBLP,GAT,13,,
0.8233034571062741,0.8164482362729991,0.8424925804138184,DBLP,RandomPartition,13,1.0,8.0
0.8560411311053985,0.8489790954729793,1.6542713642120361,DBLP,GCN,14,,
0.8547557840616966,0.8495524421685465,1.3395013809204102,DBLP,GraphSAGE,14,,
0.8547557840616966,0.8472173217488328,3.733628988265991,DBLP,GAT,14,,
0.7733674775928298,0.7686319097284131,0.9662306308746338,DBLP,RandomPartition,14,1.0,8.0
0.8650385604113111,0.8599236627486245,1.8880290985107422,DBLP,GCN,15,,
0.8688946015424165,0.863464232636352,1.4440035820007324,DBLP,GraphSAGE,15,,
0.8637532133676092,0.8586668641169962,3.1676554679870605,DBLP,GAT,15,,
0.8243589743589743,0.8156444254039632,0.7963132858276367,DBLP,RandomPartition,15,1.0,8.0
0.8419023136246787,0.8337430375442576,1.6881277561187744,DBLP,GCN,16,,
0.8547557840616966,0.8501216041375799,1.2724840641021729,DBLP,GraphSAGE,16,,
0.8406169665809768,0.8318615689006487,3.094881296157837,DBLP,GAT,16,,
0.8064102564102564,0.7991949470387787,0.8217847347259521,DBLP,RandomPartition,16,1.0,8.0
0.8277634961439588,0.8198322804100581,1.6553845405578613,DBLP,GCN,17,,
0.8239074550128535,0.817284359666751,1.2917728424072266,DBLP,GraphSAGE,17,,
0.8200514138817481,0.8132463388866467,3.1265127658843994,DBLP,GAT,17,,
0.8056265984654731,0.7930887163438675,0.788109540939331,DBLP,RandomPartition,17,1.0,8.0
0.8444730077120822,0.8393575689347856,1.6499247550964355,DBLP,GCN,18,,
0.8663239074550129,0.8613029795860695,1.4415602684020996,DBLP,GraphSAGE,18,,
0.8470437017994858,0.842319186239911,3.0412185192108154,DBLP,GAT,18,,
0.8015364916773368,0.7938099518829173,0.788698673248291,DBLP,RandomPartition,18,1.0,8.0
0.8534704370179949,0.8469425421013574,1.66188383102417,DBLP,GCN,19,,
0.8598971722365039,0.8523630510091612,1.2538211345672607,DBLP,GraphSAGE,19,,
0.8457583547557841,0.8382406384367617,3.6883480548858643,DBLP,GAT,19,,
0.810012836970475,0.8009709088216275,0.7999053001403809,DBLP,RandomPartition,19,1.0,8.0
0.4110871130309575,0.35830867940554445,1.7979378700256348,IMDB,GCN,0,,
0.45716342692584594,0.42336092735665165,3.5895016193389893,IMDB,GraphSAGE,0,,
0.3858891288696904,0.3521524443572098,3.3163459300994873,IMDB,GAT,0,,
0.3639626704953338,0.297093988903078,1.4148695468902588,IMDB,RandomPartition,0,1.0,10.0
0.43052555795536357,0.3758676351727398,1.791191577911377,IMDB,GCN,1,,
0.4240460763138949,0.3976577237493672,3.6633529663085938,IMDB,GraphSAGE,1,,
0.39452843772498203,0.32896870308732934,3.483750343322754,IMDB,GAT,1,,
0.3757183908045977,0.33029641202485155,1.3987016677856445,IMDB,RandomPartition,1,1.0,10.0
0.40748740100791936,0.35771868703066945,1.7437012195587158,IMDB,GCN,2,,
0.44132469402447805,0.38309355905629716,3.949795961380005,IMDB,GraphSAGE,2,,
0.4031677465802736,0.3293704997965806,3.524883508682251,IMDB,GAT,2,,
0.37230989956958394,0.33433971490559894,1.3478567600250244,IMDB,RandomPartition,2,1.0,10.0
0.4269258459323254,0.35783391048656954,1.830700159072876,IMDB,GCN,3,,
0.4895608351331893,0.4243813158544561,3.6408531665802,IMDB,GraphSAGE,3,,
0.4089272858171346,0.3733927399396374,3.1004183292388916,IMDB,GAT,3,,
0.3589375448671931,0.3175448078663365,1.28812575340271,IMDB,RandomPartition,3,1.0,10.0
0.42548596112311016,0.37484816538949406,1.7541923522949219,IMDB,GCN,4,,
0.4607631389488841,0.4221723666998646,3.4810807704925537,IMDB,GraphSAGE,4,,
0.3923686105111591,0.36602399503090927,3.157717704772949,IMDB,GAT,4,,
0.39770279971284994,0.3402848454897992,1.3089599609375,IMDB,RandomPartition,4,1.0,10.0
0.413966882649388,0.34155065004585394,1.767387866973877,IMDB,GCN,5,,
0.44852411807055437,0.3989456462321255,3.5262787342071533,IMDB,GraphSAGE,5,,
0.38660907127429806,0.3571699114807645,3.830711603164673,IMDB,GAT,5,,
0.37329504666188085,0.32995186368136287,1.6030645370483398,IMDB,RandomPartition,5,1.0,10.0
0.41540676745860333,0.3800124851274809,1.7098498344421387,IMDB,GCN,6,,
0.4427645788336933,0.4159926036263057,3.596872091293335,IMDB,GraphSAGE,6,,
0.4010079193664507,0.34322344818934325,3.049818754196167,IMDB,GAT,6,,
0.3623292595255212,0.3141125111764328,1.2702209949493408,IMDB,RandomPartition,6,1.0,10.0
0.42116630669546434,0.35701972815494637,1.6729459762573242,IMDB,GCN,7,,
0.4470842332613391,0.4018106772211712,3.3936126232147217,IMDB,GraphSAGE,7,,
0.3758099352051836,0.34543347882125386,2.9995620250701904,IMDB,GAT,7,,
0.3646805455850682,0.3294355842056055,1.2929093837738037,IMDB,RandomPartition,7,1.0,10.0
0.4247660187185025,0.3790272440177412,1.956655740737915,IMDB,GCN,8,,
0.4499640028797696,0.39967900688859304,3.598034620285034,IMDB,GraphSAGE,8,,
0.4240460763138949,0.3667850480708187,3.5745439529418945,IMDB,GAT,8,,
0.382183908045977,0.34067884012640376,1.668778419494629,IMDB,RandomPartition,8,1.0,10.0
0.42764578833693306,0.3676407954759588,1.6836473941802979,IMDB,GCN,9,,
0.4456443484521238,0.4175538106451608,3.488762617111206,IMDB,GraphSAGE,9,,
0.42044636429085674,0.3666522898290216,3.0614070892333984,IMDB,GAT,9,,
0.35724533715925394,0.2970660991878581,1.2640283107757568,IMDB,RandomPartition,9,1.0,10.0
0.3988480921526278,0.3615387787227485,1.6710338592529297,IMDB,GCN,10,,
0.4290856731461483,0.38444722066337667,3.6515591144561768,IMDB,GraphSAGE,10,,
0.39956803455723544,0.3510381768907413,2.9925835132598877,IMDB,GAT,10,,
0.4048815506101938,0.3242777531036888,1.223111867904663,IMDB,RandomPartition,10,1.0,10.0
0.42044636429085674,0.36324220222155873,1.6741173267364502,IMDB,GCN,11,,
0.46652267818574517,0.3971840187714311,3.6273891925811768,IMDB,GraphSAGE,11,,
0.4175665946724262,0.3528197826194621,2.936837673187256,IMDB,GAT,11,,
0.3601147776183644,0.3150675706092609,1.2789840698242188,IMDB,RandomPartition,11,1.0,10.0
0.41540676745860333,0.37395719175904113,1.6717209815979004,IMDB,GCN,12,,
0.462922966162707,0.42451442955210367,3.366102933883667,IMDB,GraphSAGE,12,,
0.40028797696184304,0.34647784634278206,3.2590317726135254,IMDB,GAT,12,,
0.3797559224694903,0.32763080454798243,1.2683634757995605,IMDB,RandomPartition,12,1.0,10.0
0.42332613390928725,0.3628465175108623,1.7365050315856934,IMDB,GCN,13,,
0.4427645788336933,0.3992239387007733,3.5748040676116943,IMDB,GraphSAGE,13,,
0.4110871130309575,0.36987379446038005,3.184441566467285,IMDB,GAT,13,,
0.3692528735632184,0.30588969260861426,1.5017900466918945,IMDB,RandomPartition,13,1.0,10.0
0.40676745860331176,0.36856807662998736,1.6973357200622559,IMDB,GCN,14,,
0.4722822174226062,0.4415467285766301,3.3904707431793213,IMDB,GraphSAGE,14,,
0.37940964722822174,0.3415649231289401,2.93719482421875,IMDB,GAT,14,,
0.38952654232424677,0.3293164475545901,1.259690284729004,IMDB,RandomPartition,14,1.0,10.0
0.3880489560835133,0.34832190150772135,1.6472625732421875,IMDB,GCN,15,,
0.4334053275737941,0.37518767836573186,3.535303831100464,IMDB,GraphSAGE,15,,
0.38156947444204464,0.31926933914090083,2.8831446170806885,IMDB,GAT,15,,
0.36611629576453697,0.32200522411992694,1.2420830726623535,IMDB,RandomPartition,15,1.0,10.0
0.42548596112311016,0.3774084214768103,1.6232719421386719,IMDB,GCN,16,,
0.4398848092152628,0.36540743368878137,3.53579044342041,IMDB,GraphSAGE,16,,
0.38444924406047515,0.3188223465166045,2.9084270000457764,IMDB,GAT,16,,
0.3913978494623656,0.34835548243703246,1.2523880004882812,IMDB,RandomPartition,16,1.0,10.0
0.43628509719222464,0.38619329323705187,1.7471036911010742,IMDB,GCN,17,,
0.4506839452843773,0.3918478656466914,3.4848263263702393,IMDB,GraphSAGE,17,,
0.421886249100072,0.355976214678807,3.754932165145874,IMDB,GAT,17,,
0.36415770609319,0.31811938474135737,1.221675157546997,IMDB,RandomPartition,17,1.0,10.0
0.41540676745860333,0.352910021237522,1.6635193824768066,IMDB,GCN,18,,
0.4478041756659467,0.4094674956167531,3.47175669670105,IMDB,GraphSAGE,18,,
0.4017278617710583,0.34633251036839574,2.971485137939453,IMDB,GAT,18,,
0.3915229885057471,0.34311472305774765,1.2495646476745605,IMDB,RandomPartition,18,1.0,10.0
0.40964722822174227,0.3395164232409147,1.6706149578094482,IMDB,GCN,19,,
0.4269258459323254,0.3854021526935959,3.4763619899749756,IMDB,GraphSAGE,19,,
0.40532757379409645,0.34916913323422827,3.100961446762085,IMDB,GAT,19,,
0.35627240143369177,0.3095795917883805,1.2858519554138184,IMDB,RandomPartition,19,1.0,10.0
